t_pc_ns,sensor_id,accX,accY,accZ,magX,magY,magZ
89715319266500,2,0.0039,0.9961,-0.0723,-53.25,-155.10,479.16
89715332276600,3,-0.0039,0.9668,-0.0898,18.75,102.00,-805.13
89715345283900,4,-0.0098,1.0039,-0.0742,-93.75,-277.65,1624.55
89715358668800,5,-0.0098,0.9746,-0.0703,97.20,97.95,3466.41
89715371503200,0,0.0020,0.9922,-0.0820,-32.10,-51.15,485.21
89715384315500,1,-0.0156,0.9590,-0.0879,-38.40,-59.55,-204.01
89715397305200,2,0.0059,0.9922,-0.0723,-48.45,-156.60,476.01
89715410262600,3,-0.0020,0.9668,-0.0840,22.05,103.20,-810.46
89715423301800,4,-0.0078,1.0039,-0.0801,-89.10,-280.65,1617.04
89715436308300,5,-0.0117,0.9746,-0.0762,101.70,96.90,3456.49
89715449246300,0,0.0020,0.9902,-0.0820,-23.70,-52.95,484.73
89715462328500,1,-0.0176,0.9570,-0.0898,-48.00,-61.65,-195.78
89715475274600,2,0.0039,0.9941,-0.0703,-46.20,-152.70,476.98
89715488405900,3,-0.0020,0.9648,-0.0859,23.85,101.55,-809.25
89715501300100,4,-0.0137,1.0059,-0.0723,-90.75,-279.60,1620.43
89715514306300,5,-0.0098,0.9766,-0.0703,105.30,99.15,3455.52
89715527276800,0,0.0020,0.9922,-0.0820,-27.30,-56.85,482.31
89715540301600,1,-0.0137,0.9590,-0.0879,-44.25,-59.70,-208.85
89715553300200,2,0.0039,0.9922,-0.0723,-51.15,-154.20,477.95
89715566286100,3,0.0000,0.9668,-0.0879,19.95,103.05,-804.17
89715579303600,4,-0.0098,1.0098,-0.0781,-87.30,-279.75,1621.40
89715592296800,5,-0.0059,0.9746,-0.0684,110.25,100.20,3466.41
89715605363600,0,0.0078,0.9902,-0.0820,-25.35,-56.10,485.45
89715618309700,1,-0.0176,0.9570,-0.0898,-45.15,-59.70,-211.02
89715631311600,2,0.0059,0.9961,-0.0762,-49.05,-153.75,479.40
89715644332200,3,-0.0059,0.9668,-0.0859,14.10,103.35,-814.57
89715657314300,4,-0.0117,1.0020,-0.0781,-88.95,-283.05,1607.12
89715670298200,5,-0.0078,0.9766,-0.0684,102.45,102.30,3460.84
89715683285800,0,0.0039,0.9922,-0.0840,-27.90,-60.45,485.69
89715696423700,1,-0.0156,0.9570,-0.0859,-40.65,-61.80,-203.76
89715709334300,2,0.0059,0.9941,-0.0703,-50.55,-159.45,483.27
89715722346200,3,-0.0020,0.9688,-0.0879,16.05,100.05,-817.48
89715735364500,4,-0.0059,1.0000,-0.0762,-93.00,-274.05,1620.92
89715748308400,5,-0.0117,0.9785,-0.0684,106.35,102.15,3462.78
89715761330700,0,0.0000,0.9922,-0.0820,-27.60,-54.60,479.89
89715774313600,1,-0.0098,0.9590,-0.0840,-43.80,-54.45,-204.01
89715787284900,2,0.0039,0.9941,-0.0723,-43.95,-155.10,471.90
89715800341800,3,-0.0020,0.9668,-0.0859,18.30,107.10,-810.46
89715813375400,4,-0.0078,1.0039,-0.0781,-89.40,-278.70,1615.83
89715826355800,5,-0.0078,0.9746,-0.0781,109.80,105.75,3456.24
89715839348300,0,0.0020,0.9922,-0.0840,-25.80,-52.95,488.84
89715852403700,1,-0.0137,0.9590,-0.0879,-38.70,-52.05,-207.39
89715865320200,2,0.0039,0.9922,-0.0762,-47.40,-158.55,471.90
89715878313700,3,-0.0020,0.9648,-0.0859,18.15,103.65,-811.67
89715891333700,4,-0.0098,0.9961,-0.0742,-89.10,-276.90,1623.09
89715904356300,5,-0.0117,0.9727,-0.0723,105.75,97.20,3455.03
89715917353600,0,0.0020,0.9922,-0.0820,-30.45,-49.65,484.48
89715930385600,1,-0.0156,0.9609,-0.0879,-46.05,-62.10,-203.76
89715943354500,2,0.0020,0.9961,-0.0742,-47.10,-156.75,473.84
89715956323900,3,0.0000,0.9648,-0.0879,20.40,103.65,-801.75
89715969318900,4,-0.0098,1.0039,-0.0742,-90.00,-275.55,1610.27
89715982332100,5,-0.0098,0.9746,-0.0645,106.95,97.95,3461.33
89715995359200,0,-0.0020,0.9961,-0.0762,-23.40,-57.30,486.90
89716008321800,1,-0.0117,0.9609,-0.0859,-36.00,-60.60,-204.49
89716021559000,2,0.0059,0.9980,-0.0781,-49.65,-159.00,484.00
89716034493700,3,0.0000,0.9629,-0.0898,21.60,101.70,-810.70
89716047365900,4,-0.0098,1.0000,-0.0781,-95.70,-273.15,1616.56
89716060383000,5,-0.0078,0.9746,-0.0723,103.50,96.45,3460.36
89716073413000,0,0.0000,0.9902,-0.0801,-25.95,-54.75,484.24
89716086371600,1,-0.0156,0.9570,-0.0820,-43.35,-61.95,-200.62
89716099330000,2,0.0020,0.9941,-0.0742,-45.60,-157.20,476.01
89716112373100,3,-0.0039,0.9648,-0.0859,21.45,99.60,-805.13
89716125376600,4,-0.0078,0.9961,-0.0723,-96.90,-274.20,1622.61
89716138382600,5,-0.0098,0.9727,-0.0723,101.85,93.75,3453.10
89716151376300,0,0.0000,0.9941,-0.0820,-21.30,-55.35,484.00
89716164398300,1,-0.0176,0.9570,-0.0918,-41.10,-56.25,-204.25
89716177335300,2,0.0039,0.9961,-0.0742,-46.20,-151.35,479.89
89716190521900,3,-0.0020,0.9629,-0.0879,14.55,103.05,-815.78
89716203369400,4,-0.0098,0.9980,-0.0820,-101.25,-276.60,1623.34
89716216362400,5,-0.0078,0.9746,-0.0781,106.65,98.85,3463.50
89716229328500,0,0.0000,0.9902,-0.0801,-26.25,-51.90,485.94
89716242677000,1,-0.0117,0.9570,-0.0840,-38.25,-62.25,-206.91
89716255365900,2,0.0039,0.9941,-0.0723,-53.40,-156.45,471.17
89716268400800,3,-0.0039,0.9629,-0.0840,20.55,104.10,-811.91
89716281377900,4,-0.0098,1.0039,-0.0781,-97.35,-272.40,1624.30
89716294429800,5,-0.0078,0.9727,-0.0703,103.80,99.60,3455.03
89716307352000,0,0.0000,0.9922,-0.0801,-27.00,-55.50,486.66
89716320364600,1,-0.0137,0.9570,-0.0918,-36.00,-54.30,-198.44
89716333585900,2,0.0039,0.9941,-0.0723,-47.25,-151.50,474.56
89716346408400,3,-0.0039,0.9648,-0.0879,17.25,98.55,-810.22
89716359380500,4,-0.0098,1.0000,-0.0742,-90.75,-275.70,1620.43
89716372417400,5,-0.0117,0.9746,-0.0742,102.45,94.80,3465.92
89716385363900,0,-0.0020,0.9902,-0.0820,-26.40,-57.75,484.97
89716398382600,1,-0.0137,0.9570,-0.0840,-44.10,-52.95,-208.12
89716411365900,2,0.0020,0.9902,-0.0762,-52.35,-156.15,480.61
89716424438600,3,-0.0039,0.9668,-0.0879,24.75,98.55,-816.27
89716437439400,4,-0.0098,0.9980,-0.0762,-93.00,-279.60,1613.90
89716450412100,5,-0.0098,0.9727,-0.0664,102.45,93.30,3462.54
89716463414000,0,0.0020,0.9941,-0.0781,-24.15,-55.35,484.24
89716476435800,1,-0.0137,0.9590,-0.0898,-49.35,-60.90,-205.70
89716489398400,2,0.0098,0.9941,-0.0684,-51.60,-154.20,482.79
89716502423300,3,-0.0020,0.9648,-0.0859,14.10,102.75,-809.25
89716515401700,4,-0.0098,1.0020,-0.0781,-96.90,-271.35,1615.59
89716528380000,5,-0.0098,0.9766,-0.0664,100.35,99.15,3467.38
89716541492900,0,0.0000,0.9941,-0.0820,-29.70,-50.40,476.26
89716554401300,1,-0.0137,0.9590,-0.0859,-42.90,-55.65,-201.59
89716567376500,2,0.0039,0.9980,-0.0723,-51.45,-153.60,483.03
89716580430400,3,-0.0020,0.9668,-0.0840,22.05,108.60,-824.01
89716593442900,4,-0.0078,1.0020,-0.0762,-97.20,-279.90,1615.35
89716606401000,5,-0.0078,0.9746,-0.0723,108.00,102.45,3466.89
89716619357800,0,0.0000,0.9883,-0.0840,-28.80,-51.60,489.32
89716632532800,1,-0.0137,0.9570,-0.0840,-40.80,-65.40,-203.76
89716645442700,2,0.0000,0.9961,-0.0723,-48.60,-154.50,473.11
89716658391200,3,-0.0039,0.9629,-0.0859,21.00,105.45,-813.60
89716671616300,4,-0.0059,1.0020,-0.0801,-95.25,-280.50,1609.78
89716684381300,5,-0.0137,0.9688,-0.0723,104.25,94.95,3467.13
89716697479000,0,0.0039,0.9902,-0.0820,-24.45,-49.50,488.36
89716710447500,1,-0.0137,0.9570,-0.0859,-42.90,-64.05,-191.42
89716723394700,2,0.0059,0.9922,-0.0762,-52.35,-157.65,475.29
89716736382400,3,-0.0020,0.9668,-0.0879,17.40,101.70,-815.78
89716749413800,4,-0.0098,1.0000,-0.0781,-92.85,-279.30,1625.27
89716762534200,5,-0.0098,0.9707,-0.0684,100.20,100.20,3460.60
89716775404900,0,0.0000,0.9922,-0.0801,-23.55,-47.85,485.94
89716788411000,1,-0.0176,0.9570,-0.0918,-45.30,-52.95,-202.07
89716801437400,2,0.0039,0.9941,-0.0742,-52.05,-159.60,472.38
89716814521600,3,-0.0039,0.9648,-0.0859,21.15,103.80,-817.72
89716827426200,4,-0.0156,1.0020,-0.0762,-87.15,-281.40,1618.74
89716840428900,5,-0.0137,0.9746,-0.0742,106.35,100.95,3455.52
89716853387300,0,0.0000,0.9961,-0.0820,-28.95,-48.45,487.39
89716866419200,1,-0.0176,0.9570,-0.0859,-36.45,-64.80,-207.88
89716879453100,2,0.0039,0.9961,-0.0742,-52.65,-158.40,488.36
89716892457100,3,-0.0020,0.9648,-0.0840,18.90,111.60,-813.36
89716905559400,4,-0.0059,1.0020,-0.0781,-90.15,-277.95,1615.59
89716918453100,5,-0.0098,0.9746,-0.0684,99.60,102.30,3465.20
89716931408600,0,0.0000,0.9883,-0.0801,-25.20,-48.60,483.27
89716944473600,1,-0.0195,0.9609,-0.0840,-38.25,-65.25,-197.47
89716957413500,2,0.0020,0.9941,-0.0703,-47.85,-154.80,475.53
89716970455700,3,-0.0020,0.9688,-0.0879,20.55,102.75,-814.33
89716983433900,4,-0.0078,1.0020,-0.0801,-99.00,-274.95,1615.59
89716996471300,5,-0.0117,0.9746,-0.0703,99.00,95.85,3464.47
89717009398000,0,0.0020,0.9883,-0.0801,-22.80,-56.70,480.37
89717022439200,1,-0.0195,0.9570,-0.0898,-41.10,-59.85,-203.28
89717035427600,2,0.0020,0.9961,-0.0684,-47.10,-156.75,473.35
89717048426300,3,-0.0039,0.9648,-0.0859,19.20,102.15,-808.52
89717061481700,4,-0.0137,0.9980,-0.0742,-95.70,-270.15,1622.13
89717074434500,5,-0.0117,0.9727,-0.0703,101.25,102.75,3463.26
89717087455500,0,0.0020,0.9922,-0.0840,-26.70,-58.65,497.07
89717100477700,1,-0.0137,0.9570,-0.0859,-44.85,-61.80,-200.86
89717113505300,2,0.0039,0.9941,-0.0723,-48.60,-157.65,481.10
89717126473700,3,-0.0020,0.9648,-0.0820,16.50,102.30,-816.02
89717139627100,4,-0.0098,1.0059,-0.0781,-89.55,-280.20,1612.45
89717152522200,5,-0.0137,0.9727,-0.0703,105.90,91.05,3462.78
89717165425500,0,0.0000,0.9883,-0.0820,-26.85,-55.35,487.15
89717178513000,1,-0.0176,0.9570,-0.0859,-34.80,-58.50,-202.80
89717191443200,2,0.0059,0.9961,-0.0762,-49.50,-153.30,465.61
89717204413700,3,-0.0039,0.9648,-0.0879,19.05,97.50,-807.31
89717217488700,4,-0.0078,0.9980,-0.0762,-95.55,-273.00,1623.34
89717230473800,5,-0.0137,0.9727,-0.0723,103.50,100.05,3461.81
89717243491300,0,-0.0020,0.9922,-0.0859,-33.00,-52.80,479.89
89717256459700,1,-0.0176,0.9570,-0.0859,-31.05,-62.10,-204.25
89717269490500,2,0.0020,0.9941,-0.0703,-47.85,-154.65,476.50
89717282549400,3,-0.0020,0.9648,-0.0879,18.30,100.95,-815.06
89717295515300,4,-0.0117,1.0020,-0.0723,-88.95,-274.95,1610.75
89717308453500,5,-0.0137,0.9727,-0.0703,103.65,99.00,3462.05
89717321496400,0,-0.0020,0.9883,-0.0840,-25.35,-57.75,482.55
89717334499800,1,-0.0156,0.9570,-0.0879,-44.85,-60.00,-204.01
89717347492200,2,0.0020,0.9941,-0.0723,-51.60,-160.20,469.48
89717360492400,3,-0.0020,0.9629,-0.0859,15.90,109.95,-808.76
89717373579700,4,-0.0117,1.0039,-0.0781,-94.35,-278.10,1612.45
89717386449300,5,-0.0098,0.9766,-0.0742,102.15,105.15,3464.71
89717399443700,0,0.0020,0.9883,-0.0820,-25.20,-49.65,484.00
89717412511200,1,-0.0117,0.9609,-0.0898,-45.45,-61.95,-202.55
89717425495400,2,0.0020,0.9941,-0.0703,-51.75,-162.45,474.08
89717438511400,3,-0.0020,0.9668,-0.0879,15.75,102.90,-822.56
89717451528500,4,-0.0098,1.0039,-0.0781,-91.35,-278.55,1623.34
89717464474500,5,-0.0117,0.9766,-0.0703,96.90,105.90,3462.54
89717477512400,0,-0.0020,0.9941,-0.0723,-21.45,-50.40,482.79
89717490477800,1,-0.0195,0.9590,-0.0840,-44.70,-61.65,-212.72
89717503479500,2,0.0059,0.9961,-0.0703,-55.20,-157.20,481.10
89717516460400,3,0.0000,0.9629,-0.0937,24.30,100.35,-811.91
89717529083100,4,-0.0078,0.9961,-0.0781,-94.35,-274.35,1624.55
89717542520900,5,-0.0098,0.9727,-0.0684,108.90,104.70,3460.84
89717555505500,0,0.0000,0.9922,-0.0801,-25.80,-48.00,483.76
89717568525700,1,-0.0156,0.9570,-0.0859,-45.30,-64.95,-201.59
89717581510100,2,0.0000,0.9941,-0.0703,-45.75,-158.55,473.35
89717594514100,3,-0.0020,0.9609,-0.0879,18.90,108.00,-805.62
89717607491000,4,-0.0098,1.0020,-0.0762,-92.70,-276.90,1608.09
89717620114100,5,-0.0078,0.9727,-0.0723,106.80,97.65,3456.73
89717633465800,0,0.0020,0.9863,-0.0859,-31.05,-58.05,483.27
89717646560400,1,-0.0117,0.9551,-0.0879,-39.90,-54.75,-202.55
89717659529000,2,0.0020,0.9941,-0.0703,-47.25,-151.05,476.98
89717672093000,3,0.0020,0.9609,-0.0840,14.70,97.80,-810.22
89717685538600,4,-0.0059,1.0078,-0.0781,-91.80,-278.40,1617.53
89717698683200,5,-0.0176,0.9844,-0.0684,105.75,94.80,3460.84
89717711123800,0,-0.0020,0.9883,-0.0781,-26.10,-51.75,483.03
89717724544600,1,-0.0215,0.9512,-0.0859,-38.70,-58.05,-199.89
89717737523800,2,0.0000,0.9902,-0.0781,-50.10,-158.25,480.61
89717750548900,3,-0.0020,0.9707,-0.0918,19.20,102.75,-814.09
89717763217500,4,-0.0059,1.0098,-0.0840,-96.45,-272.40,1624.30
89717776527900,5,-0.0059,0.9707,-0.0742,105.45,106.50,3467.86
89717789496100,0,0.0098,0.9941,-0.0840,-30.90,-52.50,479.89
89717802554400,1,-0.0195,0.9531,-0.0879,-40.05,-57.75,-197.96
89717815505800,2,-0.0039,0.9902,-0.0684,-45.75,-158.85,474.08
89717828537500,3,-0.0098,0.9609,-0.0840,20.70,105.00,-807.07
89717841526600,4,-0.0176,0.9941,-0.0781,-91.20,-279.90,1617.04
89717854114400,5,-0.0059,0.9707,-0.0742,106.80,96.30,3465.68
89717867498000,0,0.0039,0.9824,-0.0781,-32.55,-52.20,484.73
89717880570600,1,-0.0098,0.9570,-0.0898,-40.20,-58.80,-204.97
89717893142200,2,0.0117,0.9961,-0.0723,-55.80,-153.90,476.26
89717906079900,3,0.0020,0.9648,-0.0898,21.60,108.15,-816.51
89717919565400,4,-0.0156,1.0039,-0.0801,-93.60,-279.60,1609.30
89717932513800,5,-0.0156,0.9727,-0.0664,103.65,98.70,3464.71
89717945096200,0,-0.0059,0.9941,-0.0820,-30.30,-49.05,493.44
89717958560600,1,-0.0254,0.9609,-0.0801,-43.05,-59.55,-200.38
89717971574600,2,-0.0020,0.9961,-0.0723,-49.50,-152.40,466.58
89717984549700,3,-0.0039,0.9648,-0.0801,23.25,103.35,-807.55
89717997107900,4,-0.0059,1.0039,-0.0762,-97.20,-275.70,1622.61
89718010563900,5,-0.0039,0.9727,-0.0742,105.75,104.25,3465.92
89718023512800,0,0.0059,0.9883,-0.0840,-23.40,-57.00,485.21
89718036145600,1,-0.0156,0.9551,-0.0879,-39.00,-58.05,-198.44
89718049526300,2,-0.0020,0.9980,-0.0723,-46.50,-157.35,479.89
89718062509600,3,-0.0059,0.9648,-0.0898,24.90,107.10,-815.78
89718075581800,4,-0.0156,1.0059,-0.0781,-99.45,-279.15,1625.76
89718088232300,5,-0.0117,0.9746,-0.0684,109.20,94.65,3458.91
89718101552100,0,0.0000,0.9922,-0.0801,-33.60,-52.20,487.15
89718114539100,1,-0.0098,0.9551,-0.0840,-41.40,-64.05,-206.43
89718127156700,2,0.0059,0.9961,-0.0742,-48.15,-157.35,482.31
89718140346300,3,0.0039,0.9648,-0.0879,16.20,98.40,-817.23
89718153546200,4,-0.0039,1.0039,-0.0820,-90.75,-279.75,1615.83
89718166681800,5,-0.0137,0.9727,-0.0762,106.50,104.85,3463.99
89718179156100,0,-0.0039,0.9922,-0.0801,-31.50,-53.55,484.73
89718192599300,1,-0.0195,0.9590,-0.0879,-40.65,-56.70,-207.39
89718205536000,2,0.0039,0.9980,-0.0742,-50.70,-149.10,468.75
89718218185700,3,-0.0039,0.9688,-0.0840,21.60,108.15,-812.88
89718231232600,4,-0.0098,1.0000,-0.0781,-100.20,-273.75,1620.92
89718244520200,5,-0.0059,0.9727,-0.0723,100.95,95.40,3458.42
89718257533500,0,0.0059,0.9902,-0.0859,-32.55,-51.75,483.03
89718270176000,1,-0.0137,0.9570,-0.0859,-39.00,-58.35,-204.97
89718283124200,2,0.0000,0.9922,-0.0723,-48.75,-161.55,476.26
89718296585700,3,-0.0059,0.9648,-0.0859,19.65,112.20,-818.93
89718309138400,4,-0.0137,1.0059,-0.0762,-98.55,-277.35,1618.74
89718322296200,5,-0.0117,0.9766,-0.0703,103.50,101.55,3464.96
89718335596500,0,0.0000,0.9922,-0.0801,-25.05,-54.45,488.60
89718348575300,1,-0.0156,0.9609,-0.0879,-41.70,-60.15,-208.60
89718361171000,2,0.0039,0.9922,-0.0703,-45.30,-159.30,482.55
89718374131700,3,-0.0020,0.9609,-0.0879,14.85,103.95,-803.44
89718387563300,4,-0.0059,0.9980,-0.0820,-96.30,-276.00,1618.25
89718400136900,5,-0.0059,0.9766,-0.0762,105.00,96.90,3462.54
89718413195300,0,0.0059,0.9941,-0.0859,-21.60,-54.90,482.31
89718426544400,1,-0.0117,0.9570,-0.0898,-40.95,-58.05,-199.89
89718439618700,2,0.0000,0.9941,-0.0723,-40.95,-152.40,485.69
89718452133300,3,-0.0039,0.9648,-0.0840,20.40,101.40,-811.18
89718465161800,4,-0.0098,0.9980,-0.0723,-93.75,-282.15,1614.62
89718478623200,5,-0.0117,0.9746,-0.0664,106.50,102.60,3469.07
89718491167200,0,0.0000,0.9844,-0.0820,-24.60,-52.65,485.69
89718504449500,1,-0.0156,0.9531,-0.0879,-44.70,-58.95,-192.15
89718517238800,2,0.0039,0.9961,-0.0801,-49.65,-157.20,478.43
89718530641400,3,0.0000,0.9648,-0.0898,16.65,97.35,-809.97
89718543261700,4,-0.0098,1.0059,-0.0801,-97.20,-276.30,1615.83
89718556508400,5,-0.0078,0.9746,-0.0703,101.70,103.65,3462.29
89718569583900,0,0.0000,0.9941,-0.0762,-23.70,-57.15,477.47
89718582192100,1,-0.0117,0.9570,-0.0820,-44.55,-53.55,-201.59
89718595154000,2,0.0039,0.9922,-0.0742,-43.80,-157.35,484.00
89718608206600,3,-0.0020,0.9648,-0.0879,14.55,100.35,-806.34
89718621694200,4,-0.0117,1.0020,-0.0820,-93.45,-276.00,1614.62
89718634231800,5,-0.0078,0.9727,-0.0703,100.65,103.35,3454.31
89718647362800,0,0.0000,0.9902,-0.0840,-25.35,-53.55,497.55
89718660641100,1,-0.0117,0.9570,-0.0918,-41.25,-58.80,-203.52
89718673377500,2,0.0078,0.9961,-0.0664,-46.20,-153.15,478.43
89718686206100,3,-0.0020,0.9668,-0.0840,15.30,101.55,-817.72
89718699178000,4,-0.0098,1.0020,-0.0723,-95.85,-272.10,1622.85
89718712185000,5,-0.0137,0.9727,-0.0703,102.00,101.70,3463.99
89718725214800,0,-0.0020,0.9941,-0.0820,-25.35,-47.70,483.76
89718738273500,1,-0.0137,0.9590,-0.0859,-38.70,-66.45,-203.52
89718751637300,2,0.0020,0.9961,-0.0762,-43.50,-158.25,480.13
89718764173500,3,-0.0039,0.9668,-0.0898,22.80,102.90,-815.54
89718777211100,4,-0.0078,1.0078,-0.0781,-88.35,-274.35,1611.72
89718790187900,5,-0.0098,0.9727,-0.0723,105.90,99.00,3463.02
89718803160600,0,-0.0039,0.9922,-0.0781,-29.70,-50.10,499.97
89718816193700,1,-0.0195,0.9590,-0.0840,-44.70,-60.00,-193.12
89718829173800,2,0.0000,0.9961,-0.0703,-54.60,-157.35,477.47
89718842223500,3,-0.0059,0.9688,-0.0859,20.25,105.15,-817.23
89718855247800,4,-0.0098,1.0020,-0.0820,-93.30,-275.70,1604.94
89718868182000,5,-0.0117,0.9727,-0.0703,103.20,98.70,3458.91
89718881594700,0,0.0039,0.9883,-0.0859,-24.75,-56.40,477.22
89718894229900,1,-0.0078,0.9570,-0.0879,-40.35,-57.90,-203.76
89718907182200,2,0.0039,0.9961,-0.0703,-51.30,-155.85,478.92
89718920187300,3,-0.0020,0.9648,-0.0820,20.25,103.50,-813.60
89718933197800,4,-0.0098,0.9980,-0.0781,-97.05,-271.50,1603.25
89718946400400,5,-0.0117,0.9746,-0.0723,101.25,96.90,3458.18
89718959177100,0,-0.0020,0.9922,-0.0820,-34.65,-50.25,485.21
89718972423800,1,-0.0156,0.9551,-0.0859,-41.25,-63.15,-204.25
89718985224500,2,0.0020,0.9922,-0.0723,-45.90,-154.65,480.85
89718998191300,3,-0.0039,0.9629,-0.0859,16.65,106.95,-809.73
89719011669700,4,-0.0078,1.0039,-0.0820,-93.60,-277.20,1617.04
89719024190000,5,-0.0117,0.9766,-0.0664,107.25,96.60,3458.42
89719037176300,0,-0.0020,0.9961,-0.0801,-26.40,-51.15,484.48
89719050660300,1,-0.0137,0.9590,-0.0879,-40.20,-55.05,-196.02
89719063371800,2,0.0039,0.9941,-0.0742,-41.70,-157.95,478.43
89719076240500,3,-0.0020,0.9648,-0.0840,25.05,108.60,-807.31
89719089405000,4,-0.0059,0.9980,-0.0801,-92.10,-274.05,1617.53
89719102264800,5,-0.0098,0.9727,-0.0703,101.85,104.70,3473.43
89719115227600,0,0.0000,0.9902,-0.0820,-23.70,-53.25,496.83
89719128262800,1,-0.0176,0.9590,-0.0859,-40.20,-63.00,-196.99
89719141245100,2,0.0059,0.9961,-0.0723,-53.10,-156.00,476.98
89719154240200,3,0.0000,0.9648,-0.0859,22.20,108.00,-804.17
89719167270700,4,-0.0020,1.0059,-0.0742,-94.50,-274.05,1621.40
89719180235400,5,-0.0098,0.9727,-0.0742,103.05,100.95,3462.78
89719193223500,0,0.0000,0.9883,-0.0781,-18.00,-50.10,479.64
89719206233900,1,-0.0137,0.9551,-0.0820,-42.30,-62.40,-196.50
89719219261600,2,0.0039,0.9961,-0.0703,-47.25,-155.70,475.77
89719232241800,3,-0.0039,0.9629,-0.0840,19.20,100.35,-814.81
89719245297200,4,-0.0098,1.0020,-0.0781,-94.50,-277.95,1618.74
89719258248300,5,-0.0098,0.9746,-0.0703,102.60,100.35,3464.47
89719271267100,0,0.0000,0.9941,-0.0801,-25.95,-54.90,496.10
89719284246600,1,-0.0137,0.9590,-0.0918,-39.75,-62.70,-201.83
89719297295200,2,0.0078,0.9922,-0.0781,-53.55,-157.95,479.16
89719310225200,3,-0.0020,0.9648,-0.0879,20.85,102.30,-805.86
89719323325300,4,-0.0059,1.0039,-0.0781,-93.00,-277.50,1620.92
89719336224400,5,-0.0156,0.9766,-0.0684,103.65,98.85,3459.63
89719349221200,0,0.0020,0.9902,-0.0801,-20.85,-63.00,486.42
89719362231900,1,-0.0176,0.9609,-0.0918,-39.90,-55.05,-203.52
89719375274000,2,0.0020,0.9941,-0.0703,-48.15,-162.90,478.92
89719388275300,3,-0.0020,0.9668,-0.0859,15.15,106.95,-816.27
89719401249400,4,-0.0078,1.0039,-0.0781,-95.25,-272.25,1610.03
89719414244800,5,-0.0098,0.9766,-0.0703,102.15,96.30,3458.91
89719427261100,0,0.0000,0.9941,-0.0801,-24.00,-54.90,485.45
89719440235900,1,-0.0156,0.9590,-0.0859,-41.85,-55.95,-191.42
89719453233700,2,0.0000,0.9961,-0.0684,-51.00,-150.15,483.03
89719466264000,3,-0.0078,0.9668,-0.0879,16.20,104.85,-816.51
89719479251500,4,-0.0098,1.0020,-0.0820,-98.85,-275.10,1628.90
89719492231300,5,-0.0098,0.9746,-0.0723,103.35,92.85,3463.99
89719505282400,0,0.0039,0.9902,-0.0781,-26.40,-58.65,484.73
89719518291000,1,-0.0117,0.9609,-0.0898,-41.55,-61.50,-204.73
89719531241200,2,0.0059,0.9980,-0.0762,-50.40,-157.95,469.48
89719544227500,3,-0.0039,0.9629,-0.0879,19.65,100.50,-817.23
89719557259200,4,-0.0059,1.0020,-0.0781,-90.45,-272.40,1615.59
89719570239600,5,-0.0137,0.9746,-0.0703,103.20,97.05,3465.44
89719583236300,0,0.0039,0.9941,-0.0820,-27.00,-61.20,491.02
89719596435800,1,-0.0176,0.9590,-0.0879,-43.35,-63.30,-205.94
89719609288500,2,0.0000,0.9961,-0.0742,-55.50,-159.45,479.40
89719622251100,3,-0.0020,0.9648,-0.0840,14.70,99.75,-807.07
89719635317400,4,-0.0117,1.0039,-0.0820,-95.40,-277.95,1619.95
89719648256300,5,-0.0078,0.9746,-0.0703,98.10,94.80,3460.12
89719661310000,0,0.0000,0.9902,-0.0801,-26.10,-56.40,489.81
89719674266300,1,-0.0137,0.9590,-0.0820,-35.85,-61.20,-203.52
89719687310700,2,0.0059,0.9941,-0.0762,-52.95,-153.30,483.52
89719700247700,3,-0.0039,0.9668,-0.0898,21.00,98.85,-810.22
89719713350100,4,-0.0117,1.0000,-0.0781,-92.70,-278.70,1619.22
89719726328100,5,-0.0098,0.9727,-0.0723,105.75,101.55,3458.42
89719739276000,0,0.0020,0.9922,-0.0840,-29.85,-54.75,482.06
89719752324400,1,-0.0156,0.9609,-0.0898,-43.95,-64.65,-203.76
89719765282300,2,0.0039,0.9980,-0.0703,-47.25,-158.85,474.56
89719778261600,3,-0.0020,0.9629,-0.0859,22.35,109.35,-805.62
89719791435800,4,-0.0117,1.0020,-0.0781,-88.05,-281.85,1611.24
89719804291200,5,-0.0098,0.9746,-0.0742,102.60,100.65,3459.39
89719817265300,0,0.0020,0.9883,-0.0801,-29.70,-52.35,484.97
89719830319900,1,-0.0137,0.9551,-0.0879,-43.95,-60.00,-204.01
89719843262900,2,0.0059,0.9941,-0.0742,-49.65,-159.30,477.95
89719856272200,3,0.0020,0.9668,-0.0859,19.35,106.80,-816.27
89719869285900,4,-0.0078,1.0000,-0.0742,-96.75,-274.95,1619.95
89719882288000,5,-0.0098,0.9746,-0.0703,104.55,101.25,3451.16
89719895272900,0,-0.0020,0.9922,-0.0801,-24.15,-53.40,481.10
89719908301700,1,-0.0137,0.9570,-0.0840,-37.65,-56.10,-200.38
89719921317900,2,0.0020,0.9941,-0.0703,-52.65,-149.55,478.92
89719934277400,3,-0.0059,0.9668,-0.0898,19.35,106.80,-805.38
89719947343600,4,-0.0078,1.0020,-0.0820,-94.80,-274.20,1620.19
89719960331900,5,-0.0098,0.9746,-0.0703,101.55,101.70,3463.99
89719973280600,0,0.0000,0.9922,-0.0801,-26.25,-54.45,486.18
89719986303200,1,-0.0137,0.9570,-0.0918,-34.65,-53.10,-195.29
89719999344200,2,0.0020,0.9941,-0.0684,-48.90,-158.40,472.87
89720012330800,3,-0.0039,0.9668,-0.0879,28.80,101.85,-812.64
89720025366900,4,-0.0117,1.0020,-0.0801,-96.15,-277.65,1614.87
89720038373800,5,-0.0117,0.9707,-0.0664,101.85,98.70,3454.79
89720051345800,0,0.0020,0.9902,-0.0840,-28.05,-52.65,490.78
89720064438900,1,-0.0117,0.9590,-0.0898,-42.90,-58.20,-199.17
89720077298800,2,0.0059,0.9922,-0.0723,-49.35,-157.80,482.79
89720090299500,3,-0.0020,0.9648,-0.0840,21.00,105.45,-816.51
89720103373700,4,-0.0078,1.0039,-0.0781,-88.80,-277.05,1630.35
89720116299600,5,-0.0098,0.9746,-0.0664,101.40,98.10,3460.12
89720129337600,0,0.0039,0.9902,-0.0820,-33.30,-55.05,482.31
89720142355500,1,-0.0156,0.9609,-0.0879,-42.15,-64.95,-206.18
89720155353600,2,0.0039,0.9961,-0.0762,-45.30,-156.30,477.47
89720168349500,3,-0.0020,0.9648,-0.0840,19.20,105.75,-815.78
89720181341200,4,-0.0098,1.0020,-0.0781,-91.50,-281.10,1620.43
89720194311000,5,-0.0117,0.9727,-0.0703,100.20,99.00,3456.97
89720207313300,0,-0.0020,0.9922,-0.0840,-27.15,-52.35,489.32
89720220298800,1,-0.0176,0.9590,-0.0859,-43.95,-55.95,-210.54
89720233347300,2,0.0020,0.9961,-0.0781,-52.05,-155.25,477.71
89720246374000,3,-0.0020,0.9629,-0.0879,18.30,103.05,-819.65
89720259396200,4,-0.0117,1.0000,-0.0801,-94.80,-276.60,1620.43
89720272343200,5,-0.0078,0.9746,-0.0703,103.80,101.40,3465.20
89720285309800,0,0.0000,0.9922,-0.0820,-29.25,-53.25,480.13
89720298616200,1,-0.0117,0.9590,-0.0859,-40.80,-60.15,-208.36
89720311362700,2,0.0039,0.9961,-0.0762,-52.35,-157.65,477.71
89720324373200,3,0.0000,0.9648,-0.0859,21.90,97.05,-818.93
89720337338200,4,-0.0098,1.0059,-0.0820,-95.10,-280.05,1616.80
89720350355900,5,-0.0059,0.9727,-0.0723,100.35,106.05,3469.31
89720363362100,0,0.0039,0.9922,-0.0801,-25.05,-52.50,492.71
89720376345500,1,-0.0156,0.9570,-0.0859,-38.10,-67.65,-194.81
89720389365600,2,0.0059,0.9961,-0.0703,-47.10,-155.10,476.50
89720402489200,3,-0.0039,0.9648,-0.0859,17.55,98.40,-804.89
89720415338800,4,-0.0117,1.0000,-0.0801,-88.05,-272.40,1616.08
89720428313600,5,-0.0137,0.9746,-0.0664,101.25,95.25,3462.29
89720441367900,0,-0.0020,0.9922,-0.0781,-26.40,-52.95,489.81
89720454374900,1,-0.0195,0.9590,-0.0879,-39.60,-61.50,-209.09
89720467373600,2,0.0039,0.9922,-0.0742,-45.90,-154.95,473.59
89720480378500,3,-0.0039,0.9648,-0.0879,19.35,110.25,-817.23
89720493396900,4,-0.0059,1.0039,-0.0820,-93.75,-277.05,1616.56
89720506337800,5,-0.0098,0.9727,-0.0684,107.70,96.75,3458.42
89720519368200,0,0.0039,0.9902,-0.0820,-29.10,-52.65,477.71
89720532341100,1,-0.0156,0.9609,-0.0840,-37.80,-51.60,-202.07
89720545327800,2,0.0039,0.9941,-0.0742,-49.95,-153.60,466.58
89720558368000,3,-0.0020,0.9668,-0.0898,14.40,99.90,-812.39
89720571363400,4,-0.0117,1.0000,-0.0742,-93.60,-272.40,1612.69
89720584352100,5,-0.0117,0.9746,-0.0684,98.85,101.70,3463.26
89720597414000,0,0.0000,0.9883,-0.0801,-30.45,-57.60,484.00
89720610394900,1,-0.0156,0.9551,-0.0937,-43.80,-60.75,-200.86
89720623351200,2,0.0000,0.9961,-0.0742,-52.35,-158.70,475.05
89720636382400,3,-0.0039,0.9668,-0.0859,19.95,99.75,-818.20
89720649368900,4,-0.0098,1.0039,-0.0742,-95.10,-274.50,1615.59
89720662333700,5,-0.0117,0.9746,-0.0723,101.55,92.55,3453.58
89720675345200,0,0.0000,0.9922,-0.0801,-26.40,-55.35,481.82
89720688404400,1,-0.0117,0.9590,-0.0840,-38.10,-61.05,-200.86
89720701391500,2,0.0059,0.9980,-0.0762,-50.25,-153.60,481.34
89720714572300,3,-0.0039,0.9629,-0.0859,22.20,104.40,-803.68
89720727413800,4,-0.0098,1.0059,-0.0820,-96.30,-279.30,1618.25
89720740354900,5,-0.0117,0.9727,-0.0723,110.40,97.95,3464.47
89720753392700,0,-0.0020,0.9922,-0.0781,-28.20,-51.00,477.47
89720766412700,1,-0.0137,0.9609,-0.0859,-46.50,-62.40,-199.65
89720779414000,2,0.0039,0.9941,-0.0762,-51.45,-154.80,481.58
89720792340800,3,0.0000,0.9648,-0.0879,11.55,96.90,-809.49
89720805431200,4,-0.0117,1.0020,-0.0801,-97.35,-284.25,1618.98
89720818425700,5,-0.0098,0.9766,-0.0723,100.95,93.15,3460.12
89720831401700,0,0.0000,0.9922,-0.0820,-28.35,-55.50,477.95
89720844433700,1,-0.0156,0.9590,-0.0879,-45.00,-62.10,-195.05
89720857378500,2,0.0020,0.9961,-0.0703,-51.60,-151.65,477.95
89720870377700,3,-0.0039,0.9629,-0.0840,27.00,99.30,-817.96
89720883480800,4,-0.0117,1.0000,-0.0742,-97.65,-278.55,1618.25
89720896462300,5,-0.0156,0.9746,-0.0723,107.70,96.15,3459.15
89720909440000,0,0.0000,0.9902,-0.0801,-26.85,-53.70,478.43
89720922538400,1,-0.0117,0.9590,-0.0898,-41.85,-56.55,-206.18
89720935416500,2,0.0059,0.9941,-0.0742,-54.30,-165.60,476.50
89720948372900,3,-0.0039,0.9668,-0.0840,23.85,97.80,-812.88
89720961437300,4,-0.0117,1.0000,-0.0781,-91.95,-277.80,1617.77
89720974386500,5,-0.0098,0.9746,-0.0703,103.20,98.25,3463.50
89720987390100,0,0.0000,0.9941,-0.0781,-25.20,-53.10,489.57
89721000399300,1,-0.0137,0.9570,-0.0918,-36.60,-61.20,-204.49
89721013445200,2,0.0039,0.9961,-0.0723,-48.45,-152.40,474.08
89721026429600,3,-0.0020,0.9648,-0.0879,16.05,103.50,-807.55
89721039801600,4,-0.0039,1.0000,-0.0762,-87.90,-278.85,1614.38
89721052436800,5,-0.0098,0.9746,-0.0684,106.50,102.60,3467.38
89721065386300,0,0.0039,0.9922,-0.0840,-25.20,-52.50,484.24
89721078441000,1,-0.0156,0.9629,-0.0859,-42.15,-60.60,-205.70
89721091386500,2,0.0039,0.9922,-0.0723,-48.30,-155.55,478.19
89721104382300,3,-0.0020,0.9648,-0.0840,18.30,102.90,-807.80
89721117411500,4,-0.0117,1.0039,-0.0742,-88.65,-282.15,1614.38
89721130441200,5,-0.0117,0.9766,-0.0762,100.65,106.65,3464.23
89721143373600,0,0.0020,0.9902,-0.0820,-30.60,-57.60,485.21
89721156411000,1,-0.0117,0.9609,-0.0840,-40.20,-57.45,-202.55
89721169384800,2,0.0039,0.9941,-0.0781,-51.60,-157.95,474.80
89721182410700,3,-0.0020,0.9648,-0.0840,20.40,104.25,-810.70
89721195468000,4,-0.0098,1.0020,-0.0781,-93.75,-279.00,1619.71
89721208458300,5,-0.0156,0.9746,-0.0684,105.00,97.05,3457.21
89721221486500,0,0.0000,0.9902,-0.0820,-29.25,-52.35,483.76
89721234455500,1,-0.0195,0.9570,-0.0918,-45.90,-58.80,-207.39
89721247419600,2,0.0039,0.9961,-0.0723,-46.95,-158.10,471.17
89721260468900,3,-0.0020,0.9629,-0.0859,19.35,106.95,-803.44
89721273437900,4,-0.0098,0.9980,-0.0762,-93.90,-280.95,1612.93
89721286410500,5,-0.0098,0.9746,-0.0703,110.55,97.80,3457.45
89721299927600,0,0.0059,0.9902,-0.0781,-31.95,-54.90,487.15
89721312427200,1,-0.0137,0.9551,-0.0898,-41.85,-62.85,-202.55
89721325469200,2,0.0078,0.9961,-0.0703,-43.95,-157.50,468.03
89721338586000,3,-0.0020,0.9648,-0.0859,20.70,105.75,-808.76
89721351494200,4,-0.0098,1.0000,-0.0742,-93.00,-280.80,1616.80
89721364659600,5,-0.0117,0.9707,-0.0742,104.10,94.20,3463.02
89721377459800,0,0.0000,0.9922,-0.0820,-22.05,-48.75,473.35
89721390434400,1,-0.0156,0.9609,-0.0879,-36.90,-56.70,-204.01
89721403476800,2,0.0020,0.9961,-0.0703,-48.60,-158.70,473.35
89721416419500,3,-0.0020,0.9648,-0.0840,20.85,98.10,-812.88
89721429543000,4,-0.0098,1.0000,-0.0742,-93.00,-274.35,1616.32
89721442415200,5,-0.0117,0.9727,-0.0684,100.65,96.30,3467.86
89721455460400,0,0.0000,0.9902,-0.0840,-24.60,-52.35,478.19
89721468504700,1,-0.0137,0.9590,-0.0898,-38.55,-54.00,-207.88
89721481477600,2,0.0020,0.9961,-0.0762,-51.60,-158.10,478.43
89721494469700,3,-0.0059,0.9648,-0.0859,21.30,99.45,-806.10
89721507448200,4,-0.0078,1.0000,-0.0781,-93.75,-278.55,1619.22
89721520515700,5,-0.0098,0.9766,-0.0742,108.60,99.30,3456.73
89721533433100,0,0.0020,0.9883,-0.0801,-26.40,-56.85,489.32
89721546499400,1,-0.0137,0.9551,-0.0918,-37.20,-58.50,-203.28
89721559481100,2,0.0039,0.9922,-0.0762,-43.80,-157.95,480.37
89721572478100,3,0.0000,0.9668,-0.0840,19.35,105.90,-818.93
89721585496300,4,-0.0098,1.0039,-0.0762,-91.80,-282.30,1626.72
89721598452100,5,-0.0156,0.9746,-0.0723,106.95,95.40,3462.05
89721611469600,0,0.0000,0.9902,-0.0801,-28.80,-52.20,481.10
89721624498300,1,-0.0156,0.9590,-0.0898,-42.30,-61.65,-204.01
89721637487500,2,0.0020,0.9941,-0.0723,-48.45,-157.95,478.92
89721650442500,3,0.0020,0.9648,-0.0879,22.50,105.30,-813.60
89721663512800,4,-0.0078,1.0039,-0.0742,-88.65,-280.20,1621.64
89721676499700,5,-0.0156,0.9746,-0.0684,110.70,97.05,3460.36
89721689444100,0,0.0000,0.9883,-0.0840,-30.90,-50.25,485.69
89721702455500,1,-0.0137,0.9590,-0.0918,-46.95,-58.20,-197.71
89721715449800,2,0.0039,0.9941,-0.0684,-51.00,-153.90,477.95
89721728438100,3,-0.0039,0.9629,-0.0820,13.05,100.80,-809.49
89721741466300,4,-0.0098,1.0000,-0.0781,-96.00,-278.25,1621.16
89721754492200,5,-0.0078,0.9766,-0.0723,96.00,95.55,3457.94
89721767430000,0,0.0039,0.9863,-0.0840,-28.50,-52.35,483.52
89721780482200,1,-0.0137,0.9609,-0.0918,-42.30,-61.50,-195.29
89721793455500,2,0.0078,0.9941,-0.0723,-46.50,-159.30,484.00
89721806463100,3,0.0000,0.9648,-0.0879,24.00,108.45,-814.09
89721819466400,4,-0.0098,1.0059,-0.0781,-91.35,-278.25,1615.35
89721832464000,5,-0.0098,0.9746,-0.0723,99.45,101.85,3462.54
89721845461900,0,-0.0020,0.9922,-0.0781,-28.65,-52.35,482.79
89721858479600,1,-0.0176,0.9590,-0.0840,-44.85,-58.95,-206.43
89721871648000,2,0.0039,0.9941,-0.0703,-51.90,-152.70,479.40
89721884510100,3,-0.0020,0.9668,-0.0859,21.15,106.65,-814.33
89721897619900,4,-0.0098,1.0020,-0.0781,-91.05,-275.10,1625.03
89721910516700,5,-0.0098,0.9746,-0.0762,103.50,101.25,3456.97
89721923478800,0,0.0020,0.9941,-0.0840,-28.95,-54.15,484.00
89721936523500,1,-0.0176,0.9551,-0.0879,-42.00,-58.80,-202.55
89721949479400,2,0.0020,0.9922,-0.0684,-43.05,-157.95,480.37
89721962526100,3,-0.0020,0.9668,-0.0859,14.70,105.30,-808.52
89721975545100,4,-0.0098,1.0020,-0.0723,-92.70,-275.25,1615.35
89721988486700,5,-0.0098,0.9727,-0.0664,104.10,92.55,3463.26
89722001535800,0,0.0020,0.9941,-0.0781,-28.50,-53.10,489.81
89722014493500,1,-0.0156,0.9570,-0.0898,-43.35,-55.80,-199.65
89722027537800,2,0.0059,0.9922,-0.0723,-52.50,-160.50,466.82
89722040484600,3,-0.0020,0.9688,-0.0859,16.35,106.05,-815.78
89722053553400,4,-0.0078,1.0000,-0.0801,-94.20,-274.35,1617.04
89722066488800,5,-0.0137,0.9727,-0.0703,106.65,105.15,3461.33
89722079586100,0,0.0020,0.9941,-0.0781,-24.75,-54.60,477.95
89722092527300,1,-0.0176,0.9590,-0.0820,-41.70,-62.25,-203.04
89722105539700,2,0.0020,0.9922,-0.0723,-53.40,-159.45,477.47
89722118537500,3,-0.0039,0.9648,-0.0879,15.75,106.05,-815.78
89722131560200,4,-0.0078,1.0000,-0.0742,-100.20,-277.50,1628.42
89722144542900,5,-0.0098,0.9727,-0.0703,103.65,100.50,3472.46
89722157495100,0,0.0059,0.9922,-0.0820,-24.45,-54.00,486.90
89722170551300,1,-0.0176,0.9648,-0.0898,-42.00,-59.40,-209.33
89722183497700,2,0.0020,0.9941,-0.0742,-46.20,-156.75,484.24
89722196540600,3,-0.0039,0.9688,-0.0859,16.20,105.00,-819.65
89722209559200,4,-0.0098,1.0020,-0.0762,-93.15,-272.55,1611.72
89722222515900,5,-0.0098,0.9727,-0.0762,104.10,97.80,3455.03
89722235496300,0,0.0020,0.9941,-0.0801,-25.20,-52.20,484.00
89722248508900,1,-0.0117,0.9590,-0.0898,-40.50,-60.90,-203.52
89722261496000,2,0.0039,0.9961,-0.0742,-51.75,-153.45,478.43
89722274505400,3,-0.0020,0.9609,-0.0879,13.05,105.15,-815.06
89722287524700,4,-0.0098,1.0039,-0.0801,-87.90,-273.75,1612.93
89722300511200,5,-0.0117,0.9707,-0.0742,103.20,99.90,3454.79
89722313665300,0,0.0000,0.9941,-0.0801,-22.65,-55.95,482.31
89722326508400,1,-0.0137,0.9570,-0.0840,-32.85,-59.55,-200.13
89722339516000,2,0.0020,0.9922,-0.0703,-51.30,-152.55,474.32
89722352549400,3,-0.0020,0.9668,-0.0918,13.65,104.55,-816.99
89722365529800,4,-0.0078,1.0020,-0.0781,-97.80,-276.75,1613.41
89722378496700,5,-0.0117,0.9746,-0.0723,105.45,96.30,3459.63
89722391559600,0,-0.0020,0.9883,-0.0801,-28.35,-56.25,485.45
89722404641900,1,-0.0137,0.9590,-0.0898,-36.60,-57.30,-199.89
89722417553900,2,0.0078,1.0000,-0.0762,-51.00,-151.95,488.36
89722430565800,3,-0.0039,0.9629,-0.0859,24.15,107.10,-811.18
89722443609200,4,-0.0117,1.0000,-0.0781,-101.10,-274.35,1621.40
89722456620200,5,-0.0137,0.9746,-0.0723,101.40,100.05,3461.81
89722469584100,0,0.0020,0.9883,-0.0820,-26.85,-48.15,485.21
89722482585000,1,-0.0156,0.9590,-0.0859,-40.35,-62.55,-208.60
89722495586800,2,0.0020,0.9941,-0.0801,-52.35,-160.35,481.82
89722508521500,3,0.0000,0.9648,-0.0879,16.95,107.70,-809.97
89722521685200,4,-0.0098,1.0039,-0.0801,-90.30,-276.90,1618.74
89722534606300,5,-0.0098,0.9727,-0.0703,103.65,101.70,3468.10
89722547540700,0,0.0000,0.9902,-0.0840,-31.05,-51.90,491.02
89722560603100,1,-0.0156,0.9570,-0.0879,-42.30,-65.25,-198.92
89722573689500,2,0.0020,0.9941,-0.0703,-45.75,-151.95,478.68
89722586620900,3,-0.0039,0.9629,-0.0840,24.75,103.95,-816.75
89722599589700,4,-0.0117,1.0000,-0.0781,-90.60,-275.85,1611.48
89722612580500,5,-0.0117,0.9746,-0.0703,102.15,99.45,3462.78
89722625545000,0,0.0020,0.9922,-0.0820,-25.50,-57.00,483.27
89722638600500,1,-0.0117,0.9590,-0.0918,-41.55,-58.05,-200.86
89722651601000,2,0.0039,0.9961,-0.0723,-51.60,-156.45,470.69
89722664552900,3,-0.0059,0.9629,-0.0918,17.85,102.15,-812.64
89722677614300,4,-0.0078,0.9980,-0.0820,-92.25,-273.45,1618.01
89722690560600,5,-0.0156,0.9727,-0.0684,103.20,100.95,3460.36
89722703587000,0,-0.0020,0.9922,-0.0801,-28.05,-51.90,485.21
89722716553100,1,-0.0195,0.9570,-0.0957,-43.50,-61.20,-190.21
89722729602800,2,0.0020,0.9922,-0.0723,-50.70,-157.05,470.45
89722742639400,3,-0.0020,0.9629,-0.0879,16.50,108.45,-806.83
89722755587300,4,-0.0039,1.0020,-0.0820,-90.60,-276.45,1610.27
89722768552500,5,-0.0078,0.9746,-0.0742,99.90,100.05,3461.81
89722781565200,0,0.0039,0.9902,-0.0820,-32.40,-50.85,476.98
89722794624000,1,-0.0156,0.9570,-0.0918,-39.60,-57.90,-213.44
89722807558800,2,0.0020,0.9941,-0.0684,-44.25,-152.10,476.01
89722820560500,3,-0.0059,0.9648,-0.0859,17.70,109.50,-818.93
89722833623300,4,-0.0117,1.0000,-0.0801,-92.40,-277.95,1620.92
89722846610000,5,-0.0156,0.9746,-0.0703,109.65,98.40,3465.68
89722859620400,0,0.0020,0.9941,-0.0781,-24.60,-51.15,486.90
89722872585900,1,-0.0156,0.9590,-0.0898,-36.75,-55.65,-200.38
89722885628900,2,0.0020,0.9941,-0.0801,-46.50,-155.55,470.21
89722898579800,3,-0.0020,0.9648,-0.0879,20.40,105.45,-811.18
89722911620900,4,-0.0078,1.0020,-0.0801,-92.85,-278.40,1622.37
89722924622100,5,-0.0137,0.9746,-0.0664,100.65,102.60,3466.65
89722937612100,0,-0.0020,0.9922,-0.0820,-37.80,-56.40,481.58
89722950637000,1,-0.0176,0.9570,-0.0820,-41.85,-58.05,-202.31
89722963660600,2,0.0020,0.9961,-0.0723,-49.20,-154.95,477.71
89722976607200,3,0.0000,0.9648,-0.0879,23.25,105.45,-807.55
89722989590900,4,-0.0098,1.0020,-0.0820,-95.85,-276.00,1615.11
89723002609700,5,-0.0059,0.9766,-0.0742,97.95,100.80,3461.08
89723015619600,0,0.0020,0.9941,-0.0820,-25.95,-53.25,484.73
89723028636000,1,-0.0156,0.9570,-0.0957,-40.80,-61.35,-201.34
89723041624200,2,0.0020,0.9941,-0.0684,-54.30,-150.30,480.61
89723054688300,3,-0.0039,0.9629,-0.0859,22.95,96.60,-805.38
89723067641300,4,-0.0117,0.9980,-0.0742,-94.65,-277.20,1617.77
89723080586400,5,-0.0098,0.9727,-0.0703,103.65,91.50,3459.39
89723093610400,0,0.0020,0.9883,-0.0801,-24.45,-55.95,487.87
89723106609800,1,-0.0176,0.9609,-0.0898,-39.00,-57.60,-194.81
89723119648500,2,0.0059,0.9941,-0.0703,-49.50,-162.45,476.50
89723132582800,3,0.0020,0.9668,-0.0859,14.10,107.10,-813.12
89723145662000,4,-0.0098,1.0000,-0.0781,-88.80,-276.00,1615.35
89723158588600,5,-0.0137,0.9746,-0.0703,99.30,96.75,3453.10
89723171652900,0,0.0000,0.9922,-0.0840,-27.90,-51.90,488.36
89723184629000,1,-0.0176,0.9570,-0.0859,-40.05,-53.70,-199.41
89723197619700,2,0.0039,0.9922,-0.0684,-54.90,-155.10,471.90
89723210621700,3,-0.0039,0.9629,-0.0840,21.75,97.65,-815.78
89723223616200,4,-0.0098,1.0020,-0.0781,-94.95,-275.40,1617.04
89723236595500,5,-0.0059,0.9746,-0.0762,97.05,101.10,3459.39
89723249609600,0,0.0020,0.9922,-0.0762,-31.20,-50.25,486.18
89723262600600,1,-0.0156,0.9570,-0.0879,-40.50,-56.85,-204.73
89723275609900,2,0.0020,0.9961,-0.0703,-44.40,-158.25,484.97
89723288610800,3,-0.0020,0.9648,-0.0879,19.65,100.65,-822.56
89723301619300,4,-0.0098,0.9980,-0.0742,-96.00,-283.80,1618.01
89723314027500,5,-0.0117,0.9746,-0.0723,98.85,99.60,3454.31
89723327597300,0,0.0000,0.9902,-0.0840,-28.05,-46.35,478.43
89723340622900,1,-0.0156,0.9609,-0.0879,-42.30,-61.95,-198.20
89723353653900,2,-0.0020,0.9980,-0.0684,-49.05,-156.60,474.80
89723366629500,3,0.0000,0.9648,-0.0879,18.75,103.80,-810.46
89723379836100,4,-0.0059,1.0000,-0.0801,-92.55,-282.30,1617.53
89723392078400,5,-0.0039,0.9746,-0.0762,106.05,98.55,3468.10
89723405615900,0,0.0020,0.9922,-0.0840,-30.30,-57.30,493.92
89723418677000,1,-0.0156,0.9609,-0.0937,-41.10,-61.05,-195.54
89723431043400,2,0.0059,0.9980,-0.0664,-54.90,-151.95,472.87
89723444670000,3,-0.0059,0.9609,-0.0840,15.30,106.95,-817.23
89723457649300,4,-0.0117,1.0020,-0.0801,-93.00,-270.15,1617.53
89723470037100,5,-0.0098,0.9766,-0.0703,104.55,94.20,3463.02
89723483656400,0,0.0020,0.9922,-0.0840,-29.85,-50.40,485.94
89723496692800,1,-0.0156,0.9609,-0.0937,-46.05,-61.95,-200.86
89723509676300,2,0.0078,0.9922,-0.0684,-55.80,-158.55,484.00
89723522693300,3,0.0000,0.9629,-0.0879,19.95,102.75,-810.46
89723535704800,4,-0.0098,1.0020,-0.0762,-97.20,-274.35,1618.74
89723548671600,5,-0.0098,0.9746,-0.0703,102.75,99.00,3457.94
89723561691200,0,-0.0020,0.9883,-0.0762,-27.45,-47.70,476.01
89723574647200,1,-0.0195,0.9609,-0.0898,-36.60,-60.00,-207.64
89723587671000,2,0.0020,0.9941,-0.0762,-44.55,-159.30,475.53
89723600204300,3,-0.0039,0.9648,-0.0859,21.90,103.95,-814.33
89723613687200,4,-0.0098,1.0020,-0.0840,-97.20,-275.10,1614.62
89723626696300,5,-0.0078,0.9746,-0.0703,97.20,100.35,3457.94
89723639062500,0,0.0059,0.9922,-0.0820,-19.95,-52.50,488.36
89723652651100,1,-0.0156,0.9590,-0.0840,-40.20,-63.15,-204.49
89723665646400,2,0.0059,0.9941,-0.0703,-47.55,-153.30,477.71
89723678046300,3,-0.0078,0.9648,-0.0840,22.95,102.75,-814.81
89723691734700,4,-0.0117,1.0000,-0.0742,-92.40,-280.35,1615.83
89723704789500,5,-0.0098,0.9785,-0.0703,102.60,96.30,3460.36
89723717061500,0,0.0000,0.9941,-0.0859,-26.55,-51.90,483.52
89723730674100,1,-0.0176,0.9609,-0.0937,-45.00,-61.35,-194.08
89723743648800,2,0.0098,0.9961,-0.0703,-49.20,-156.45,472.87
89723756074900,3,-0.0020,0.9648,-0.0859,20.55,99.60,-810.94
89723769827300,4,-0.0098,1.0020,-0.0781,-96.45,-275.85,1622.13
89723782661600,5,-0.0117,0.9727,-0.0684,107.55,99.00,3472.46
89723795690600,0,0.0020,0.9922,-0.0820,-34.95,-54.45,489.81
89723808664500,1,-0.0156,0.9590,-0.0879,-36.75,-54.30,-203.04
89723821709600,2,0.0000,0.9922,-0.0723,-48.60,-159.30,485.21
89723834187400,3,-0.0039,0.9668,-0.0859,22.95,105.75,-815.78
89723847704100,4,-0.0098,1.0059,-0.0781,-93.90,-278.70,1615.35
89723860756400,5,-0.0117,0.9727,-0.0684,105.00,98.25,3465.92
89723873124500,0,0.0039,0.9902,-0.0781,-26.70,-51.30,489.57
89723886678100,1,-0.0137,0.9551,-0.0859,-45.30,-61.80,-198.92
89723899669100,2,0.0059,0.9961,-0.0742,-51.00,-160.20,475.77
89723912733100,3,-0.0020,0.9629,-0.0840,21.15,107.70,-806.83
89723925114400,4,-0.0117,1.0020,-0.0762,-96.75,-276.30,1618.01
89723938686700,5,-0.0117,0.9766,-0.0645,102.45,99.30,3460.60
89723951725100,0,0.0039,0.9922,-0.0820,-22.80,-55.65,480.61
89723964142400,1,-0.0176,0.9590,-0.0840,-41.70,-64.05,-205.22
89723977668500,2,0.0039,0.9922,-0.0684,-50.25,-157.35,481.58
89723990683200,3,-0.0020,0.9629,-0.0898,16.50,102.15,-807.80
89724003122500,4,-0.0078,1.0039,-0.0781,-94.65,-272.55,1624.55
89724016103000,5,-0.0078,0.9746,-0.0723,104.25,97.80,3459.39
89724029813000,0,0.0020,0.9922,-0.0840,-26.25,-51.45,482.31
89724042103400,1,-0.0176,0.9590,-0.0879,-42.45,-63.60,-199.89
89724055158600,2,0.0059,0.9961,-0.0723,-52.50,-157.05,483.76
89724068731000,3,-0.0098,0.9629,-0.0840,16.95,108.30,-811.18
89724081117100,4,-0.0137,1.0000,-0.0742,-98.25,-277.50,1619.46
89724094084600,5,-0.0098,0.9727,-0.0703,106.35,94.65,3471.73
89724107731900,0,0.0000,0.9922,-0.0781,-25.50,-49.65,495.37
89724120698900,1,-0.0195,0.9609,-0.0859,-45.60,-60.45,-198.68
89724133115900,2,0.0059,0.9922,-0.0742,-49.20,-153.75,487.15
89724146750200,3,-0.0039,0.9668,-0.0879,13.95,103.80,-806.83
89724159706700,4,-0.0117,1.0020,-0.0801,-94.50,-276.60,1625.76
89724172169000,5,-0.0117,0.9766,-0.0684,102.15,103.95,3467.62
89724185151400,0,0.0000,0.9863,-0.0820,-28.35,-62.70,478.19
89724198751400,1,-0.0156,0.9570,-0.0879,-40.80,-60.45,-212.48
89724211157200,2,0.0039,0.9961,-0.0762,-50.40,-155.70,481.58
89724224128500,3,-0.0039,0.9629,-0.0859,24.75,108.00,-814.57
89724237730500,4,-0.0059,1.0020,-0.0801,-94.95,-274.50,1618.74
89724250116400,5,-0.0059,0.9746,-0.0684,109.50,98.10,3463.26
89724263151300,0,0.0039,0.9922,-0.0820,-18.75,-60.15,487.15
89724276761500,1,-0.0137,0.9590,-0.0879,-42.90,-59.25,-211.02
89724289754300,2,0.0020,0.9902,-0.0684,-49.35,-150.30,475.53
89724302163700,3,-0.0078,0.9629,-0.0859,19.80,104.10,-808.52
89724315141400,4,-0.0137,1.0000,-0.0781,-96.30,-274.95,1629.63
89724328746200,5,-0.0078,0.9766,-0.0703,107.55,105.90,3460.60
89724341105000,0,0.0039,0.9883,-0.0859,-23.10,-55.05,483.76
89724354139000,1,-0.0137,0.9629,-0.0898,-45.45,-62.85,-206.91
89724367755200,2,0.0039,0.9922,-0.0762,-49.95,-155.25,482.06
89724380172100,3,-0.0020,0.9629,-0.0879,19.65,102.00,-810.70
89724393129100,4,-0.0078,1.0020,-0.0801,-95.25,-279.75,1624.55
89724406132000,5,-0.0098,0.9785,-0.0684,98.10,100.80,3464.96
89724419744600,0,-0.0020,0.9922,-0.0781,-25.05,-48.00,492.95
89724432139700,1,-0.0156,0.9531,-0.0879,-43.80,-62.10,-195.54
89724445170000,2,0.0020,0.9902,-0.0723,-49.50,-150.60,476.26
89724458714100,3,-0.0020,0.9688,-0.0879,16.05,107.55,-805.13
89724471321700,4,-0.0078,1.0059,-0.0762,-92.70,-281.25,1623.58
89724484210400,5,-0.0098,0.9707,-0.0742,105.90,101.25,3457.21
89724497724000,0,0.0020,0.9883,-0.0820,-25.80,-57.75,486.18
89724510187000,1,-0.0137,0.9609,-0.0937,-43.95,-64.80,-201.83
89724523146700,2,0.0020,0.9941,-0.0762,-51.75,-157.65,480.37
89724536184800,3,-0.0020,0.9668,-0.0898,20.10,102.00,-822.32
89724549157700,4,-0.0098,1.0020,-0.0762,-95.85,-274.80,1623.58
89724562193900,5,-0.0137,0.9727,-0.0723,101.25,91.95,3453.82
89724575144200,0,0.0000,0.9883,-0.0840,-24.15,-52.35,484.73
89724588811100,1,-0.0117,0.9590,-0.0879,-37.05,-64.05,-206.67
89724601147500,2,0.0039,0.9941,-0.0801,-46.20,-158.10,484.00
89724614150400,3,0.0000,0.9629,-0.0840,24.00,104.55,-807.07
89724627817000,4,-0.0078,1.0039,-0.0781,-91.95,-275.55,1621.64
89724640159900,5,-0.0117,0.9746,-0.0762,106.35,91.50,3461.33
89724653186900,0,0.0000,0.9922,-0.0820,-28.50,-55.05,490.05
89724666748000,1,-0.0176,0.9570,-0.0879,-41.55,-58.05,-199.65
89724679200500,2,0.0020,0.9941,-0.0703,-51.75,-148.65,482.55
89724692194200,3,-0.0039,0.9648,-0.0859,17.40,105.15,-816.02
89724705228100,4,-0.0078,1.0000,-0.0801,-93.30,-272.40,1614.14
89724718211100,5,-0.0098,0.9727,-0.0742,100.65,100.50,3462.05
89724731189800,0,0.0000,0.9941,-0.0840,-29.25,-56.55,484.73
89724744241800,1,-0.0137,0.9570,-0.0879,-40.95,-59.10,-194.33
89724757165300,2,0.0059,0.9941,-0.0723,-47.55,-160.80,480.61
89724770222600,3,-0.0020,0.9629,-0.0859,23.10,100.80,-806.10
89724783168900,4,-0.0137,1.0020,-0.0840,-92.55,-275.55,1619.22
89724796208500,5,-0.0098,0.9727,-0.0723,97.20,97.80,3463.75
89724809781300,0,0.0020,0.9941,-0.0762,-27.45,-55.65,480.37
89724822357100,1,-0.0176,0.9551,-0.0898,-42.45,-61.65,-203.28
89724835214700,2,0.0059,0.9941,-0.0762,-51.30,-157.95,474.80
89724848175100,3,-0.0020,0.9668,-0.0898,18.45,100.95,-811.67
89724861193300,4,-0.0098,1.0020,-0.0762,-91.50,-282.00,1620.19
89724874185500,5,-0.0078,0.9746,-0.0742,104.85,94.80,3463.50
89724887160900,0,0.0020,0.9902,-0.0801,-25.65,-51.75,485.45
89724900232300,1,-0.0195,0.9570,-0.0879,-42.90,-61.80,-201.34
89724913231700,2,0.0000,0.9961,-0.0703,-47.55,-157.35,481.34
89724926219800,3,-0.0039,0.9668,-0.0840,19.50,103.50,-813.60
89724939786900,4,-0.0098,1.0020,-0.0820,-94.50,-274.05,1621.88
89724952224200,5,-0.0117,0.9727,-0.0762,112.20,95.55,3463.99
89724965178400,0,0.0020,0.9922,-0.0820,-31.05,-57.75,482.55
89724978818200,1,-0.0215,0.9570,-0.0879,-37.95,-64.05,-209.33
89724991194000,2,0.0078,0.9941,-0.0723,-47.40,-159.75,486.18
89725004257000,3,0.0000,0.9668,-0.0879,20.55,103.65,-803.92
89725017207800,4,-0.0078,1.0000,-0.0781,-99.30,-282.00,1618.74
89725030200100,5,-0.0117,0.9746,-0.0703,103.65,93.00,3466.41
89725043216300,0,0.0000,0.9883,-0.0820,-31.95,-52.05,485.94
89725056342500,1,-0.0176,0.9551,-0.0840,-36.45,-59.85,-200.62
89725069251700,2,0.0039,0.9961,-0.0723,-42.90,-158.40,488.11
89725082296200,3,-0.0059,0.9668,-0.0879,22.95,100.95,-813.85
89725095270600,4,-0.0117,0.9980,-0.0801,-89.85,-273.30,1622.13
89725108204300,5,-0.0137,0.9727,-0.0742,103.20,99.45,3455.52
89725121386800,0,0.0020,0.9902,-0.0820,-18.30,-52.35,482.06
89725134280000,1,-0.0156,0.9570,-0.0859,-35.85,-65.10,-200.62
89725147249800,2,0.0039,0.9922,-0.0742,-52.20,-156.90,483.76
89725160206500,3,-0.0039,0.9609,-0.0879,21.15,110.10,-806.83
89725173228300,4,-0.0078,1.0039,-0.0781,-95.40,-276.15,1617.29
89725186257300,5,-0.0098,0.9766,-0.0742,103.80,98.40,3470.52
89725199203400,0,0.0000,0.9883,-0.0820,-22.65,-56.10,487.39
89725212213600,1,-0.0156,0.9590,-0.0879,-37.35,-61.20,-202.07
89725225249500,2,0.0059,0.9922,-0.0703,-45.60,-153.45,478.43
89725238259900,3,-0.0020,0.9629,-0.0879,21.30,103.80,-818.69
89725251224200,4,-0.0098,1.0020,-0.0801,-90.75,-271.05,1622.61
89725264226100,5,-0.0078,0.9727,-0.0762,107.85,97.65,3470.04
89725277303900,0,0.0000,0.9863,-0.0820,-35.40,-50.70,487.15
89725290230400,1,-0.0137,0.9570,-0.0859,-40.80,-60.45,-203.04
89725303223000,2,0.0039,0.9961,-0.0742,-50.85,-150.45,481.34
89725316213900,3,-0.0020,0.9688,-0.0820,16.80,105.45,-813.85
89725329220400,4,-0.0098,0.9941,-0.0762,-94.65,-271.50,1614.87
89725342253900,5,-0.0059,0.9707,-0.0703,96.75,100.35,3452.13
89725355276000,0,0.0000,0.9961,-0.0801,-26.55,-53.10,483.52
89725368272300,1,-0.0176,0.9590,-0.0859,-36.30,-63.00,-208.85
89725381279300,2,-0.0020,0.9941,-0.0703,-43.05,-157.95,476.01
89725394261100,3,-0.0039,0.9609,-0.0859,14.70,105.45,-821.11
89725407238700,4,-0.0117,1.0039,-0.0781,-97.20,-276.75,1615.83
89725420202900,5,-0.0098,0.9766,-0.0664,98.40,95.55,3465.20
89725433259900,0,0.0020,0.9902,-0.0820,-25.50,-53.85,480.85
89725446287800,1,-0.0098,0.9590,-0.0898,-45.15,-57.00,-199.65
89725459363000,2,0.0059,0.9961,-0.0742,-46.95,-156.30,479.89
89725472513200,3,-0.0020,0.9648,-0.0879,20.55,102.75,-808.76
89725485242700,4,-0.0098,0.9980,-0.0742,-98.70,-274.50,1621.88
89725498231100,5,-0.0137,0.9746,-0.0684,98.70,96.15,3465.92
89725511218200,0,-0.0020,0.9941,-0.0820,-27.45,-52.95,479.16
89725524240700,1,-0.0176,0.9590,-0.0859,-41.85,-60.60,-197.71
89725537222500,2,0.0000,0.9922,-0.0781,-53.55,-152.70,478.68
89725550272900,3,0.0000,0.9629,-0.0859,16.95,100.20,-811.67
89725563306000,4,-0.0078,1.0020,-0.0762,-96.75,-283.65,1613.17
89725576233400,5,-0.0098,0.9727,-0.0723,107.55,98.55,3466.89
89725589390000,0,0.0020,0.9922,-0.0840,-29.25,-45.30,483.76
89725602311900,1,-0.0156,0.9570,-0.0801,-38.70,-60.00,-204.25
89725615249600,2,0.0039,0.9941,-0.0703,-49.65,-159.90,480.61
89725628310800,3,-0.0059,0.9668,-0.0840,16.80,103.50,-812.15
89725641277300,4,-0.0117,1.0039,-0.0762,-92.55,-271.95,1611.48
89725654283200,5,-0.0137,0.9727,-0.0645,107.10,97.80,3461.33
89725667244100,0,0.0020,0.9883,-0.0840,-31.05,-54.60,481.10
89725680298700,1,-0.0137,0.9590,-0.0918,-37.35,-64.65,-196.26
89725693257300,2,0.0020,0.9941,-0.0723,-48.00,-163.80,478.43
89725706261200,3,-0.0039,0.9648,-0.0879,22.80,97.65,-810.94
89725719326100,4,-0.0098,1.0020,-0.0781,-93.90,-275.40,1624.30
89725732274200,5,-0.0117,0.9727,-0.0703,103.35,98.70,3463.26
89725745254400,0,0.0020,0.9961,-0.0840,-25.95,-51.30,486.18
89725758282700,1,-0.0156,0.9570,-0.0937,-41.25,-53.40,-200.86
89725771317600,2,0.0039,0.9961,-0.0723,-47.70,-156.75,478.19
89725784280700,3,0.0000,0.9668,-0.0898,22.20,102.45,-807.55
89725797462500,4,-0.0059,0.9941,-0.0781,-92.55,-276.00,1626.00
89725810306500,5,-0.0078,0.9707,-0.0723,108.30,94.35,3459.63
89725823256500,0,0.0020,0.9922,-0.0801,-23.10,-55.65,492.71
89725836316800,1,-0.0176,0.9609,-0.0879,-38.25,-58.80,-200.86
89725849270500,2,0.0000,0.9922,-0.0703,-41.85,-155.25,474.80
89725862307200,3,-0.0020,0.9648,-0.0879,22.35,99.15,-809.01
89725875289300,4,-0.0137,1.0000,-0.0742,-93.45,-277.20,1611.48
89725888432900,5,-0.0117,0.9746,-0.0703,99.60,102.75,3460.36
89725901260000,0,0.0000,0.9941,-0.0820,-20.40,-48.45,484.24
89725914286200,1,-0.0156,0.9590,-0.0820,-43.65,-60.60,-201.83
89725927313600,2,0.0039,0.9902,-0.0684,-52.20,-151.65,476.98
89725940280600,3,-0.0039,0.9648,-0.0898,19.20,105.90,-812.15
89725953277200,4,-0.0098,1.0039,-0.0762,-90.30,-284.55,1619.71
89725966281300,5,-0.0117,0.9746,-0.0723,103.35,98.25,3465.68
89725979307800,0,0.0039,0.9883,-0.0840,-21.30,-52.20,476.50
89725992291000,1,-0.0176,0.9609,-0.0898,-45.75,-56.70,-197.23
89726005324600,2,0.0020,0.9980,-0.0703,-48.00,-154.35,471.90
89726018327700,3,-0.0039,0.9629,-0.0859,14.70,103.35,-811.67
89726031302800,4,-0.0078,1.0000,-0.0781,-95.85,-278.10,1626.48
89726044336900,5,-0.0117,0.9727,-0.0742,102.90,104.85,3464.47
89726057281900,0,0.0000,0.9883,-0.0801,-32.40,-49.20,485.21
89726070338700,1,-0.0137,0.9590,-0.0879,-44.10,-57.45,-205.70
89726083275000,2,0.0039,0.9961,-0.0703,-43.95,-155.55,484.24
89726096402800,3,-0.0039,0.9688,-0.0859,16.95,102.45,-807.80
89726109351500,4,-0.0117,1.0000,-0.0781,-93.45,-277.20,1623.09
89726122302200,5,-0.0098,0.9766,-0.0664,105.45,95.40,3463.50
89726135324700,0,0.0000,0.9922,-0.0840,-27.75,-55.65,488.11
89726148417800,1,-0.0156,0.9570,-0.0879,-42.15,-62.25,-198.92
89726161301900,2,0.0078,0.9941,-0.0703,-52.95,-156.60,478.19
89726174313000,3,-0.0020,0.9609,-0.0898,15.75,100.35,-815.06
89726187315300,4,-0.0078,1.0039,-0.0742,-91.80,-272.40,1620.92
89726200358700,5,-0.0078,0.9727,-0.0742,106.35,98.55,3461.57
89726213319300,0,0.0039,0.9902,-0.0820,-26.10,-54.30,481.58
89726226369000,1,-0.0156,0.9570,-0.0898,-43.20,-61.20,-196.50
89726239308500,2,0.0039,0.9941,-0.0703,-39.45,-159.45,471.66
89726252352600,3,-0.0020,0.9668,-0.0840,15.75,100.35,-803.92
89726265334000,4,-0.0117,0.9961,-0.0801,-94.50,-279.90,1631.32
89726278346600,5,-0.0176,0.9785,-0.0742,107.85,98.85,3460.36
89726291303900,0,0.0020,0.9961,-0.0801,-25.20,-55.05,482.79
89726304306100,1,-0.0137,0.9590,-0.0859,-36.30,-61.95,-205.22
89726317354100,2,0.0039,0.9922,-0.0723,-49.80,-158.85,484.24
89726330353600,3,0.0020,0.9648,-0.0879,21.15,97.35,-806.59
89726343374600,4,-0.0137,1.0000,-0.0762,-95.10,-278.25,1625.76
89726356331100,5,-0.0098,0.9746,-0.0723,102.90,94.05,3460.60
89726369316200,0,-0.0020,0.9941,-0.0801,-24.30,-54.75,482.55
89726382336700,1,-0.0176,0.9570,-0.0918,-34.05,-57.90,-203.76
89726395416900,2,0.0020,0.9922,-0.0684,-50.40,-161.10,479.64
89726408323900,3,-0.0059,0.9648,-0.0918,23.25,108.90,-810.70
89726421400300,4,-0.0078,1.0020,-0.0801,-94.65,-274.50,1625.27
89726434361400,5,-0.0078,0.9727,-0.0762,110.10,95.70,3454.07
89726447330700,0,0.0020,0.9902,-0.0820,-25.80,-58.50,482.55
89726460387300,1,-0.0156,0.9570,-0.0859,-43.05,-64.05,-204.97
89726473334700,2,0.0059,0.9961,-0.0703,-51.30,-156.60,480.37
89726486326900,3,-0.0039,0.9648,-0.0859,19.80,101.85,-810.70
89726499460100,4,-0.0137,1.0020,-0.0762,-96.45,-278.10,1618.25
89726512314300,5,-0.0078,0.9746,-0.0742,106.50,99.90,3468.83
89726525313200,0,0.0020,0.9922,-0.0820,-18.60,-54.90,487.63
89726538397300,1,-0.0137,0.9531,-0.0879,-37.20,-56.25,-211.99
89726551379300,2,0.0059,0.9941,-0.0762,-46.05,-158.40,473.35
89726564355700,3,-0.0020,0.9648,-0.0859,19.65,103.80,-814.09
89726577353500,4,-0.0078,1.0000,-0.0742,-91.20,-272.25,1619.95
89726590352000,5,-0.0098,0.9746,-0.0664,105.30,101.25,3465.44
89726603371300,0,0.0020,0.9902,-0.0840,-27.75,-55.95,482.79
89726616359200,1,-0.0156,0.9609,-0.0898,-41.40,-62.40,-194.81
89726629600000,2,0.0020,0.9941,-0.0723,-52.20,-151.05,473.84
89726642337900,3,-0.0020,0.9648,-0.0859,20.70,104.55,-809.97
89726655378700,4,-0.0059,1.0000,-0.0781,-87.75,-271.95,1617.29
89726668396300,5,-0.0098,0.9727,-0.0684,108.30,91.95,3463.75
89726681342200,0,0.0000,0.9902,-0.0781,-29.10,-54.15,476.98
89726694399100,1,-0.0156,0.9570,-0.0918,-45.00,-63.15,-202.80
89726707338200,2,0.0059,0.9922,-0.0742,-52.20,-156.45,479.64
89726720336800,3,-0.0059,0.9648,-0.0859,17.85,100.35,-810.46
89726733431100,4,-0.0098,1.0039,-0.0762,-88.95,-268.80,1617.04
89726746441800,5,-0.0117,0.9727,-0.0723,105.15,103.95,3458.18
89726759403300,0,0.0000,0.9883,-0.0801,-25.20,-49.35,478.19
89726772379500,1,-0.0117,0.9590,-0.0898,-41.25,-58.95,-201.59
89726785377000,2,0.0000,0.9941,-0.0703,-43.50,-160.35,481.34
89726798361900,3,-0.0020,0.9629,-0.0879,16.05,105.45,-808.52
89726811389400,4,-0.0137,1.0039,-0.0801,-93.45,-269.55,1622.85
89726824361500,5,-0.0078,0.9746,-0.0664,102.15,89.55,3456.97
89726837397100,0,0.0000,0.9902,-0.0820,-30.45,-57.00,486.90
89726850391500,1,-0.0156,0.9609,-0.0879,-43.05,-64.05,-196.99
89726863410900,2,0.0059,0.9961,-0.0742,-49.35,-160.20,484.97
89726876378900,3,-0.0020,0.9609,-0.0859,19.95,110.25,-810.70
89726889390900,4,-0.0117,1.0039,-0.0781,-97.50,-275.25,1613.90
89726902421500,5,-0.0098,0.9746,-0.0703,101.55,94.65,3464.71
89726915369800,0,-0.0020,0.9902,-0.0820,-25.95,-54.15,478.19
89726928423600,1,-0.0137,0.9590,-0.0859,-40.95,-58.35,-196.99
89726941370000,2,0.0039,0.9961,-0.0742,-50.55,-158.55,475.77
89726954525600,3,-0.0020,0.9668,-0.0879,19.50,109.65,-814.09
89726967430400,4,-0.0098,1.0039,-0.0781,-89.85,-273.15,1626.97
89726980505900,5,-0.0117,0.9727,-0.0703,96.90,94.80,3461.57
89726993405800,0,0.0000,0.9883,-0.0840,-31.35,-56.10,481.82
89727006386000,1,-0.0137,0.9590,-0.0898,-38.10,-58.65,-201.83
89727019417500,2,0.0020,0.9941,-0.0703,-50.10,-153.45,473.11
89727032371600,3,-0.0039,0.9629,-0.0879,21.00,96.75,-804.17
89727045387800,4,-0.0078,1.0059,-0.0801,-92.10,-277.05,1611.48
89727058433400,5,-0.0098,0.9766,-0.0684,108.75,101.85,3462.78
89727071426700,0,0.0000,0.9922,-0.0840,-30.90,-53.85,489.32
89727084445000,1,-0.0156,0.9570,-0.0859,-50.70,-59.10,-202.55
89727097393900,2,0.0020,0.9941,-0.0703,-46.95,-154.20,477.47
89727110373800,3,-0.0059,0.9629,-0.0840,18.00,104.85,-811.67
89727123395200,4,-0.0098,1.0039,-0.0820,-91.20,-276.00,1618.74
89727136378300,5,-0.0098,0.9746,-0.0723,101.10,92.85,3458.18
89727149392500,0,0.0039,0.9922,-0.0801,-26.40,-54.30,479.64
89727162391400,1,-0.0156,0.9609,-0.0918,-42.75,-54.60,-210.06
89727175388700,2,0.0039,0.9941,-0.0742,-50.25,-161.40,472.14
89727188453200,3,-0.0020,0.9668,-0.0859,17.70,106.65,-806.83
89727201467700,4,-0.0117,1.0039,-0.0801,-92.10,-274.20,1618.98
89727214405500,5,-0.0098,0.9746,-0.0684,104.70,96.60,3462.29
89727227401300,0,0.0000,0.9941,-0.0820,-32.40,-48.00,494.65
89727240410200,1,-0.0176,0.9512,-0.0840,-40.65,-59.10,-204.25
89727253445200,2,0.0020,0.9980,-0.0723,-49.65,-152.85,484.73
89727266423800,3,-0.0039,0.9648,-0.0859,23.40,106.35,-806.83
89727279616200,4,-0.0078,1.0020,-0.0781,-91.50,-276.15,1615.35
89727291995000,5,-0.0078,0.9746,-0.0742,100.50,95.85,3460.84
89727305409800,0,0.0000,0.9922,-0.0859,-30.30,-55.20,478.43
89727318489000,1,-0.0156,0.9609,-0.0879,-42.15,-64.20,-203.52
89727331417800,2,0.0000,0.9941,-0.0723,-50.10,-162.15,483.27
89727344465100,3,-0.0039,0.9668,-0.0801,22.50,107.40,-815.06
89727357459100,4,-0.0117,0.9980,-0.0762,-95.25,-273.00,1617.29
89727370409100,5,-0.0078,0.9707,-0.0703,99.75,94.20,3460.60
89727382996000,0,0.0039,0.9922,-0.0859,-30.60,-51.60,484.00
89727396455100,1,-0.0117,0.9570,-0.0879,-45.75,-58.50,-202.31
89727409457100,2,0.0059,0.9941,-0.0723,-58.05,-152.55,477.47
89727422429200,3,-0.0039,0.9668,-0.0918,18.45,108.15,-813.60
89727435483900,4,-0.0098,0.9980,-0.0820,-94.50,-274.20,1617.04
89727448440100,5,-0.0156,0.9785,-0.0664,104.10,100.65,3462.54
89727461466800,0,0.0000,0.9902,-0.0801,-27.90,-52.20,480.85
89727474437800,1,-0.0156,0.9551,-0.0879,-37.05,-58.20,-196.26
89727487435800,2,0.0059,0.9941,-0.0703,-50.55,-151.95,484.00
89727500673300,3,-0.0020,0.9629,-0.0918,16.50,103.80,-808.28
89727513499200,4,-0.0078,1.0000,-0.0781,-88.80,-280.05,1617.04
89727526473200,5,-0.0117,0.9727,-0.0684,99.30,97.05,3459.39
89727539479900,0,-0.0020,0.9902,-0.0801,-27.60,-55.65,484.73
89727552451900,1,-0.0137,0.9590,-0.0859,-36.90,-56.55,-199.65
89727565446600,2,0.0039,0.9961,-0.0742,-50.40,-155.85,479.64
89727578446300,3,-0.0039,0.9629,-0.0879,17.55,103.95,-809.25
89727591458200,4,-0.0117,1.0020,-0.0801,-96.00,-275.40,1617.53
89727604098500,5,-0.0098,0.9707,-0.0723,103.20,100.65,3467.13
89727617762200,0,0.0000,0.9902,-0.0820,-22.35,-55.50,483.27
89727630469800,1,-0.0137,0.9570,-0.0918,-38.85,-59.40,-199.89
89727643483200,2,0.0020,0.9961,-0.0703,-46.80,-160.80,476.74
89727656445200,3,-0.0039,0.9668,-0.0840,16.95,105.00,-808.04
89727669466600,4,-0.0137,1.0039,-0.0762,-86.85,-276.75,1609.78
89727682432300,5,-0.0137,0.9727,-0.0703,99.75,97.95,3469.07
89727695011900,0,0.0000,0.9883,-0.0840,-24.60,-52.50,484.48
89727708498300,1,-0.0156,0.9590,-0.0879,-40.65,-56.40,-201.59
89727721522000,2,0.0039,0.9941,-0.0723,-46.65,-162.15,472.38
89727734061200,3,0.0020,0.9648,-0.0879,17.70,106.35,-817.96
89727747477000,4,-0.0078,1.0000,-0.0801,-94.50,-279.15,1618.74
89727760511600,5,-0.0098,0.9746,-0.0703,102.90,98.85,3464.23
89727773040600,0,0.0000,0.9883,-0.0820,-29.25,-52.50,477.47
89727786513800,1,-0.0176,0.9531,-0.0898,-43.95,-64.20,-204.97
89727799451500,2,0.0020,0.9961,-0.0703,-51.60,-151.50,484.97
89727812086600,3,-0.0039,0.9629,-0.0859,14.10,99.00,-817.48
89727825474400,4,-0.0078,0.9980,-0.0742,-92.40,-279.15,1616.56
89727838468900,5,-0.0078,0.9727,-0.0723,106.80,101.25,3460.12
89727851498700,0,0.0000,0.9863,-0.0840,-27.90,-51.60,483.27
89727864492300,1,-0.0117,0.9609,-0.0879,-45.15,-57.90,-208.60
89727877532800,2,0.0059,0.9961,-0.0723,-52.35,-155.85,482.31
89727890470000,3,-0.0020,0.9648,-0.0840,14.40,108.30,-823.53
89727903046100,4,-0.0098,0.9980,-0.0762,-94.20,-273.15,1628.18
89727916144100,5,-0.0078,0.9707,-0.0703,99.45,99.60,3467.86
89727929623000,0,0.0039,0.9941,-0.0820,-31.35,-50.70,479.64
89727942116800,1,-0.0176,0.9590,-0.0937,-38.55,-57.30,-214.17
89727955122000,2,0.0020,0.9941,-0.0742,-51.90,-156.15,479.40
89727968519800,3,-0.0020,0.9629,-0.0840,18.45,109.35,-812.64
89727981787900,4,-0.0059,1.0000,-0.0762,-89.55,-278.55,1622.37
89727994049200,5,-0.0078,0.9707,-0.0703,105.90,99.45,3462.29
89728007475100,0,0.0039,0.9922,-0.0820,-23.55,-49.05,490.29
89728020526100,1,-0.0156,0.9590,-0.0898,-44.10,-57.75,-204.25
89728033043000,2,0.0059,0.9941,-0.0742,-48.00,-153.60,482.55
89728046480100,3,-0.0039,0.9648,-0.0918,20.40,103.65,-807.80
89728059485000,4,-0.0078,1.0020,-0.0762,-94.20,-283.05,1610.03
89728072069700,5,-0.0117,0.9746,-0.0742,101.40,94.95,3462.78
89728085471600,0,0.0020,0.9922,-0.0781,-27.00,-58.95,490.29
89728098496400,1,-0.0117,0.9512,-0.0859,-42.30,-59.40,-205.22
89728111101300,2,0.0020,0.9961,-0.0742,-49.20,-157.35,479.64
89728124064400,3,-0.0039,0.9648,-0.0840,18.00,104.40,-814.33
89728137499700,4,-0.0098,0.9980,-0.0742,-93.75,-269.25,1624.06
89728150097100,5,-0.0137,0.9746,-0.0703,98.40,95.55,3456.00
89728163103500,0,0.0000,0.9883,-0.0820,-26.25,-51.45,481.10
89728176551700,1,-0.0156,0.9629,-0.0840,-48.15,-61.65,-207.15
89728189507400,2,0.0039,0.9941,-0.0723,-49.20,-158.25,476.01
89728202113800,3,-0.0039,0.9629,-0.0879,25.95,103.80,-810.46
89728215510200,4,-0.0078,1.0059,-0.0781,-90.60,-276.30,1611.96
89728228578300,5,-0.0117,0.9727,-0.0723,106.50,93.60,3469.31
89728241082500,0,-0.0020,0.9902,-0.0781,-24.00,-50.40,482.06
89728254581600,1,-0.0156,0.9609,-0.0937,-45.45,-63.30,-198.68
89728267544400,2,0.0039,0.9941,-0.0742,-54.90,-154.80,477.71
89728280126500,3,-0.0039,0.9609,-0.0937,17.10,106.50,-811.91
89728293090300,4,-0.0117,0.9980,-0.0781,-97.35,-279.30,1617.77
89728306549800,5,-0.0098,0.9746,-0.0723,102.45,101.10,3456.49
89728319096500,0,0.0000,0.9922,-0.0840,-27.30,-58.65,482.55
89728332139800,1,-0.0156,0.9570,-0.0820,-47.40,-57.30,-193.84
89728345567200,2,-0.0020,0.9922,-0.0703,-48.15,-161.85,481.58
89728358546700,3,-0.0020,0.9629,-0.0879,14.55,114.00,-814.33
89728371265100,4,-0.0078,1.0000,-0.0781,-95.10,-275.85,1612.45
89728384140300,5,-0.0098,0.9746,-0.0664,105.45,97.95,3459.39
89728397517500,0,0.0059,0.9863,-0.0840,-21.60,-51.00,480.13
89728410143400,1,-0.0137,0.9570,-0.0879,-39.00,-60.75,-205.46
89728423152500,2,0.0059,0.9941,-0.0762,-49.95,-159.30,485.94
89728436084800,3,-0.0020,0.9629,-0.0859,21.00,103.50,-806.59
89728449601400,4,-0.0098,1.0059,-0.0723,-91.65,-278.10,1624.06
89728462153900,5,-0.0098,0.9727,-0.0762,102.90,98.25,3458.91
89728475102900,0,-0.0020,0.9883,-0.0840,-30.00,-56.85,481.58
89728488569300,1,-0.0176,0.9590,-0.0879,-41.25,-58.80,-207.64
89728501154600,2,0.0059,0.9941,-0.0723,-44.10,-158.10,479.89
89728514156300,3,-0.0020,0.9648,-0.0859,17.40,102.00,-798.12
89728527541400,4,-0.0078,1.0020,-0.0781,-97.35,-277.20,1618.74
89728540122000,5,-0.0078,0.9727,-0.0684,109.20,98.10,3463.99
89728553083700,0,0.0039,0.9922,-0.0820,-23.40,-57.45,484.24
89728566533000,1,-0.0156,0.9629,-0.0898,-44.85,-59.40,-215.38
89728579537200,2,0.0039,0.9941,-0.0703,-47.70,-158.25,469.48
89728592098900,3,-0.0039,0.9688,-0.0859,15.15,106.20,-816.02
89728605183100,4,-0.0098,0.9961,-0.0781,-95.70,-277.05,1614.62
89728618118200,5,-0.0117,0.9766,-0.0664,107.55,101.40,3461.33
89728631119100,0,0.0000,0.9922,-0.0820,-26.10,-50.55,490.05
89728644168800,1,-0.0117,0.9590,-0.0898,-40.05,-56.55,-205.70
89728657127800,2,0.0059,0.9941,-0.0723,-49.35,-156.75,474.32
89728670136000,3,-0.0020,0.9668,-0.0859,19.65,111.00,-814.33
89728683199800,4,-0.0098,1.0020,-0.0801,-93.15,-279.75,1620.67
89728696274800,5,-0.0117,0.9746,-0.0723,101.25,102.90,3463.26
89728709587300,0,0.0039,0.9863,-0.0781,-26.85,-47.55,484.97
89728722188500,1,-0.0156,0.9590,-0.0859,-43.20,-62.85,-204.01
89728735193000,2,0.0039,0.9961,-0.0703,-50.25,-160.05,487.39
89728748245200,3,-0.0039,0.9668,-0.0859,22.35,99.00,-814.57
89728761190000,4,-0.0098,1.0039,-0.0820,-93.45,-278.85,1613.90
89728774170300,5,-0.0117,0.9766,-0.0723,106.65,99.75,3470.52
89728787171000,0,0.0020,0.9883,-0.0820,-24.30,-55.05,481.10
89728800197000,1,-0.0156,0.9570,-0.0840,-37.05,-60.90,-215.86
89728813173100,2,0.0020,0.9961,-0.0703,-43.50,-153.30,486.90
89728826159800,3,-0.0039,0.9629,-0.0840,19.05,107.70,-809.25
89728839708500,4,-0.0078,1.0039,-0.0801,-89.10,-276.00,1620.19
89728852546000,5,-0.0078,0.9785,-0.0723,105.90,99.90,3465.20
89728865190900,0,0.0020,0.9883,-0.0840,-25.65,-58.20,475.53
89728878578400,1,-0.0137,0.9590,-0.0898,-43.35,-58.95,-202.55
89728891166100,2,0.0020,0.9961,-0.0742,-50.55,-158.70,470.69
89728904130000,3,-0.0020,0.9648,-0.0879,15.60,103.80,-818.20
89728917213400,4,-0.0098,1.0020,-0.0801,-101.25,-280.95,1623.58
89728930144500,5,-0.0098,0.9746,-0.0684,108.75,93.45,3462.54
89728943124200,0,0.0020,0.9863,-0.0840,-29.40,-57.00,485.21
89728956174300,1,-0.0195,0.9570,-0.0918,-41.25,-59.10,-202.55
89728969154100,2,0.0039,0.9941,-0.0723,-44.10,-157.80,479.16
89728982224200,3,-0.0039,0.9648,-0.0879,27.90,106.65,-814.09
89728995211300,4,-0.0098,0.9980,-0.0762,-97.20,-277.50,1616.32
89729008157900,5,-0.0078,0.9746,-0.0762,110.85,101.55,3456.73
89729021196500,0,0.0020,0.9941,-0.0820,-30.90,-49.80,486.18
89729034203300,1,-0.0137,0.9609,-0.0918,-42.00,-55.95,-204.01
89729047252600,2,0.0000,0.9902,-0.0742,-46.35,-160.95,481.58
89729060160200,3,-0.0020,0.9648,-0.0879,18.15,103.65,-805.62
89729073178300,4,-0.0059,1.0039,-0.0801,-94.65,-281.55,1618.98
89729086194500,5,-0.0098,0.9727,-0.0723,103.20,97.20,3470.04
89729099149600,0,0.0020,0.9902,-0.0781,-27.60,-53.40,477.47
89729112173500,1,-0.0137,0.9531,-0.0937,-43.95,-60.90,-202.80
89729125163000,2,0.0078,0.9941,-0.0723,-51.90,-155.55,476.26
89729138214600,3,-0.0059,0.9648,-0.0820,20.70,105.60,-815.30
89729151190000,4,-0.0098,1.0020,-0.0820,-87.00,-277.80,1616.56
89729164170900,5,-0.0117,0.9746,-0.0723,99.45,97.35,3468.83
89729177205400,0,0.0020,0.9902,-0.0859,-31.20,-61.65,482.79
89729190181400,1,-0.0137,0.9590,-0.0859,-41.55,-62.25,-211.51
89729203206800,2,0.0039,0.9941,-0.0742,-49.05,-156.45,472.63
89729216161600,3,0.0000,0.9629,-0.0840,27.15,105.30,-808.52
89729229180400,4,-0.0137,1.0020,-0.0762,-92.85,-273.00,1620.43
89729242230800,5,-0.0098,0.9727,-0.0742,106.80,97.65,3470.28
89729255179800,0,0.0020,0.9980,-0.0820,-25.80,-49.35,485.21
89729268254800,1,-0.0117,0.9609,-0.0918,-31.95,-60.60,-197.47
89729281290400,2,0.0020,0.9980,-0.0742,-50.40,-152.70,485.69
89729294224700,3,-0.0039,0.9609,-0.0879,18.60,99.45,-815.78
89729307204300,4,-0.0098,0.9980,-0.0723,-94.95,-279.30,1629.87
89729320229700,5,-0.0117,0.9766,-0.0645,101.10,98.25,3460.60
89729333229100,0,0.0020,0.9922,-0.0801,-21.15,-56.70,485.21
89729346275100,1,-0.0156,0.9590,-0.0898,-40.35,-57.15,-198.44
89729359226900,2,0.0039,0.9922,-0.0742,-50.10,-155.55,475.53
89729372381900,3,0.0000,0.9648,-0.0820,19.65,101.10,-809.97
89729385268400,4,-0.0117,1.0039,-0.0801,-89.55,-277.50,1619.71
89729398199100,5,-0.0117,0.9746,-0.0762,106.20,100.05,3466.89
89729411222900,0,0.0020,0.9922,-0.0762,-25.80,-53.40,482.31
89729424195800,1,-0.0176,0.9590,-0.0918,-45.15,-56.25,-200.86
89729437183400,2,0.0078,0.9961,-0.0723,-52.65,-160.20,484.24
89729450233300,3,-0.0039,0.9648,-0.0859,22.95,105.00,-812.39
89729463263000,4,-0.0098,1.0000,-0.0742,-94.95,-281.55,1616.08
89729476205800,5,-0.0137,0.9727,-0.0762,106.35,102.00,3454.79
89729489236800,0,0.0000,0.9922,-0.0820,-22.65,-51.30,478.68
89729502255200,1,-0.0156,0.9590,-0.0879,-40.05,-61.05,-207.64
89729515204800,2,0.0059,0.9922,-0.0723,-43.65,-156.45,476.01
89729528232200,3,0.0000,0.9648,-0.0879,22.35,104.85,-819.17
89729541220900,4,-0.0098,1.0020,-0.0742,-90.45,-274.35,1616.80
89729554347600,5,-0.0117,0.9766,-0.0684,103.05,97.95,3458.66
89729567233900,0,0.0000,0.9980,-0.0820,-20.85,-58.20,486.66
89729580615600,1,-0.0156,0.9551,-0.0781,-37.65,-56.70,-205.22
89729593250400,2,0.0000,0.9941,-0.0703,-48.45,-156.45,476.50
89729606325500,3,-0.0039,0.9688,-0.0859,18.30,107.55,-810.94
89729619217500,4,-0.0098,1.0000,-0.0762,-95.70,-279.15,1616.80
89729632311100,5,-0.0117,0.9707,-0.0703,103.20,99.15,3457.45
89729645322100,0,0.0059,0.9922,-0.0781,-26.85,-56.55,492.95
89729658229100,1,-0.0117,0.9609,-0.0840,-39.60,-59.55,-201.83
89729671311200,2,0.0039,0.9941,-0.0742,-47.40,-164.40,477.71
89729684252800,3,-0.0020,0.9648,-0.0859,21.30,100.65,-817.96
89729697291700,4,-0.0117,1.0039,-0.0762,-93.00,-274.65,1619.95
89729710201900,5,-0.0078,0.9766,-0.0723,96.15,102.75,3463.26
89729723214700,0,0.0020,0.9922,-0.0840,-26.85,-60.45,486.90
89729736226000,1,-0.0137,0.9570,-0.0918,-42.15,-55.65,-201.83
89729749223200,2,0.0039,0.9961,-0.0723,-42.60,-156.60,483.76
89729762276500,3,-0.0020,0.9648,-0.0840,22.95,103.05,-805.13
89729775290500,4,-0.0098,1.0020,-0.0781,-90.00,-275.40,1617.53
89729788273600,5,-0.0098,0.9727,-0.0703,100.05,93.75,3459.39
89729801271900,0,0.0020,0.9922,-0.0781,-29.10,-58.05,484.73
89729814284000,1,-0.0137,0.9648,-0.0937,-34.20,-56.55,-206.67
89729827270700,2,0.0020,0.9961,-0.0742,-48.90,-153.30,470.21
89729840521600,3,-0.0020,0.9668,-0.0879,21.75,107.10,-817.96
89729853319000,4,-0.0098,1.0020,-0.0762,-91.50,-275.10,1615.11
89729866239500,5,-0.0098,0.9766,-0.0703,103.05,99.45,3460.60
89729879450800,0,0.0000,0.9941,-0.0840,-22.95,-55.20,485.45
89729892315000,1,-0.0117,0.9609,-0.0918,-36.30,-65.40,-209.09
89729905264800,2,0.0039,0.9941,-0.0742,-52.20,-161.85,482.31
89729918277900,3,-0.0059,0.9648,-0.0879,23.85,103.65,-807.31
89729931263300,4,-0.0098,1.0000,-0.0762,-87.60,-276.75,1607.36
89729944298200,5,-0.0117,0.9727,-0.0723,98.55,96.60,3460.36
89729957236800,0,0.0000,0.9902,-0.0801,-24.15,-52.20,486.18
89729970298800,1,-0.0156,0.9609,-0.0898,-48.45,-61.95,-213.44
89729983248500,2,0.0059,0.9941,-0.0703,-52.20,-153.90,470.69
89729996260500,3,-0.0020,0.9648,-0.0879,23.70,103.50,-809.73
89730009314400,4,-0.0117,1.0020,-0.0801,-96.75,-279.30,1623.82
89730022312400,5,-0.0098,0.9727,-0.0703,98.70,89.40,3457.21
89730035291700,0,0.0020,0.9883,-0.0840,-25.95,-51.15,479.64
89730048291800,1,-0.0156,0.9609,-0.0918,-38.10,-61.20,-199.41
89730061295900,2,0.0059,0.9961,-0.0723,-52.50,-154.20,478.92
89730074250500,3,-0.0039,0.9688,-0.0840,18.45,103.50,-814.57
89730087311000,4,-0.0117,1.0020,-0.0801,-86.55,-278.40,1610.51
89730100253400,5,-0.0098,0.9746,-0.0703,103.05,97.05,3464.96
89730113294900,0,0.0000,0.9902,-0.0820,-20.85,-52.50,481.58
89730126257900,1,-0.0137,0.9570,-0.0918,-44.10,-64.35,-199.65
89730139273700,2,0.0078,0.9941,-0.0762,-52.95,-160.05,484.48
89730152296500,3,-0.0039,0.9648,-0.0879,24.00,104.55,-813.36
89730165289000,4,-0.0117,1.0000,-0.0820,-84.30,-276.30,1619.95
89730178267600,5,-0.0078,0.9746,-0.0703,97.20,95.85,3468.34
89730191274300,0,0.0039,0.9941,-0.0781,-25.50,-52.35,475.53
89730204480500,1,-0.0195,0.9570,-0.0918,-43.05,-60.90,-204.01
89730217305600,2,0.0039,0.9902,-0.0742,-45.00,-158.40,484.24
89730230281400,3,-0.0059,0.9668,-0.0879,19.05,107.55,-807.55
89730243285300,4,-0.0078,1.0020,-0.0781,-87.00,-279.60,1624.55
89730256725300,5,-0.0059,0.9766,-0.0781,100.20,94.35,3461.81
89730269254900,0,0.0000,0.9883,-0.0801,-27.15,-50.85,484.97
89730282293200,1,-0.0117,0.9570,-0.0879,-33.45,-54.90,-212.48
89730295314800,2,0.0020,0.9980,-0.0723,-50.55,-157.05,477.22
89730308271600,3,-0.0039,0.9668,-0.0918,18.45,105.00,-808.76
89730321342700,4,-0.0098,1.0020,-0.0801,-92.55,-278.25,1619.71
89730334328000,5,-0.0117,0.9746,-0.0723,105.75,95.25,3466.65
89730347281900,0,0.0000,0.9922,-0.0820,-27.15,-52.80,483.76
89730360330000,1,-0.0137,0.9590,-0.0820,-41.70,-61.20,-199.65
89730373335100,2,0.0059,0.9961,-0.0723,-51.30,-161.40,475.05
89730386316200,3,0.0020,0.9668,-0.0898,18.30,105.75,-819.17
89730399292100,4,-0.0059,1.0059,-0.0801,-90.00,-276.45,1620.67
89730412338300,5,-0.0098,0.9766,-0.0723,101.55,96.15,3456.00
89730425280900,0,0.0020,0.9902,-0.0840,-22.35,-55.80,482.06
89730438310900,1,-0.0156,0.9570,-0.0840,-48.45,-61.50,-196.99
89730451296600,2,0.0020,0.9922,-0.0684,-56.25,-161.40,480.61
89730464292500,3,-0.0020,0.9668,-0.0840,19.80,107.10,-811.67
89730477362700,4,-0.0078,1.0039,-0.0781,-88.95,-274.80,1621.64
89730490293800,5,-0.0117,0.9746,-0.0703,99.60,98.70,3468.34
89730503340000,0,0.0000,0.9941,-0.0820,-24.00,-47.70,482.55
89730516334800,1,-0.0137,0.9590,-0.0898,-44.40,-57.90,-205.70
89730529350300,2,0.0020,0.9941,-0.0781,-48.15,-158.85,477.95
89730542311400,3,-0.0020,0.9629,-0.0859,16.05,103.65,-806.34
89730555388200,4,-0.0098,1.0039,-0.0742,-94.65,-275.10,1620.43
89730568309400,5,-0.0078,0.9766,-0.0723,104.55,96.90,3463.99
89730581309000,0,-0.0020,0.9922,-0.0859,-24.00,-55.50,479.16
89730594353700,1,-0.0137,0.9590,-0.0898,-43.95,-61.50,-204.97
89730607300300,2,0.0039,0.9961,-0.0742,-48.60,-159.90,473.11
89730620303600,3,-0.0039,0.9629,-0.0840,18.60,103.20,-810.22
89730633329700,4,-0.0039,1.0000,-0.0820,-94.65,-274.50,1612.20
89730646365700,5,-0.0098,0.9746,-0.0723,104.85,97.35,3461.81
89730659312500,0,0.0020,0.9922,-0.0801,-27.45,-57.60,476.98
89730672341300,1,-0.0156,0.9609,-0.0898,-41.10,-63.45,-200.38
89730685349900,2,0.0020,0.9941,-0.0723,-48.15,-153.75,473.11
89730698313600,3,-0.0039,0.9648,-0.0820,16.80,103.65,-821.83
89730711340200,4,-0.0078,1.0000,-0.0762,-90.60,-276.60,1614.38
89730724321000,5,-0.0039,0.9727,-0.0762,105.75,97.05,3463.26
89730737351100,0,0.0020,0.9922,-0.0781,-25.35,-53.10,483.52
89730750372800,1,-0.0176,0.9609,-0.0898,-38.85,-61.20,-199.17
89730763418900,2,0.0020,0.9961,-0.0703,-45.15,-156.30,477.95
89730776368300,3,-0.0020,0.9688,-0.0879,20.55,100.95,-806.59
89730789356000,4,-0.0098,1.0020,-0.0762,-91.50,-275.55,1624.55
89730802378200,5,-0.0117,0.9746,-0.0684,103.80,100.65,3461.81
89730815323400,0,0.0000,0.9922,-0.0820,-31.20,-52.20,485.69
89730828376600,1,-0.0156,0.9570,-0.0918,-45.45,-55.80,-198.92
89730841325100,2,0.0078,0.9961,-0.0762,-48.75,-162.90,478.68
89730854382500,3,-0.0020,0.9648,-0.0898,20.40,100.35,-811.43
89730867389900,4,-0.0078,1.0020,-0.0742,-90.00,-280.35,1613.90
89730880345300,5,-0.0117,0.9746,-0.0684,107.85,92.25,3459.63
89730893316500,0,0.0000,0.9961,-0.0781,-24.30,-51.45,494.16
89730906358700,1,-0.0117,0.9590,-0.0918,-34.05,-53.85,-207.15
89730919378900,2,0.0000,0.9980,-0.0742,-46.65,-151.20,475.77
89730932339000,3,-0.0020,0.9668,-0.0879,24.45,109.20,-810.46
89730945412100,4,-0.0117,1.0059,-0.0762,-96.15,-276.45,1629.87
89730958398000,5,-0.0117,0.9766,-0.0664,101.70,97.20,3460.84
89730971409800,0,-0.0020,0.9922,-0.0840,-36.45,-48.15,485.21
89730984402800,1,-0.0156,0.9570,-0.0918,-37.80,-59.10,-194.08
89730997427100,2,0.0039,0.9902,-0.0723,-44.25,-153.75,471.42
89731010353800,3,-0.0020,0.9648,-0.0879,17.10,103.05,-819.41
89731023367200,4,-0.0098,0.9980,-0.0801,-99.15,-275.70,1614.87
89731036362400,5,-0.0117,0.9707,-0.0645,102.30,96.90,3463.26
89731049380500,0,0.0020,0.9961,-0.0840,-33.60,-52.65,480.61
89731062411600,1,-0.0137,0.9570,-0.0820,-39.15,-50.25,-212.72
89731075350400,2,0.0059,0.9961,-0.0723,-48.75,-154.95,475.77
89731088425700,3,0.0000,0.9648,-0.0898,19.20,107.40,-802.71
89731101378500,4,-0.0098,1.0000,-0.0801,-86.70,-277.95,1613.17
89731114395700,5,-0.0156,0.9746,-0.0723,110.55,98.70,3460.60
89731127389300,0,0.0020,0.9902,-0.0820,-29.40,-56.55,484.97
89731140410300,1,-0.0156,0.9609,-0.0937,-46.05,-56.70,-203.04
89731153353800,2,0.0000,0.9961,-0.0762,-43.95,-154.80,478.43
89731166362300,3,-0.0020,0.9668,-0.0859,21.90,106.50,-811.43
89731179540800,4,-0.0039,1.0000,-0.0781,-95.85,-276.60,1616.56
89731192367900,5,-0.0098,0.9727,-0.0762,102.90,93.45,3458.66
89731205362900,0,0.0020,0.9902,-0.0801,-25.50,-59.40,482.79
89731218415700,1,-0.0195,0.9590,-0.0898,-39.90,-63.30,-194.08
89731231411100,2,0.0078,0.9941,-0.0723,-44.10,-158.10,484.97
89731244406200,3,-0.0039,0.9629,-0.0879,22.80,107.70,-809.73
89731257384800,4,-0.0117,1.0059,-0.0762,-89.70,-272.25,1617.77
89731270415000,5,-0.0098,0.9766,-0.0742,105.00,96.15,3463.02
89731283361900,0,0.0000,0.9941,-0.0801,-31.05,-52.95,484.73
89731296429100,1,-0.0117,0.9590,-0.0898,-41.70,-54.15,-206.18
89731309412800,2,0.0039,0.9941,-0.0723,-49.05,-153.30,469.24
89731322383700,3,-0.0059,0.9688,-0.0898,22.20,102.45,-818.93
89731335441100,4,-0.0117,1.0020,-0.0781,-88.20,-280.35,1619.71
89731348379300,5,-0.0078,0.9766,-0.0645,106.80,97.95,3456.00
89731361411700,0,0.0039,0.9883,-0.0801,-25.95,-51.30,481.82
89731374426200,1,-0.0137,0.9570,-0.0918,-40.80,-59.10,-210.06
89731387419800,2,0.0020,0.9922,-0.0703,-51.15,-154.20,475.29
89731400367600,3,-0.0059,0.9648,-0.0840,20.85,101.40,-814.09
89731413450900,4,-0.0078,0.9961,-0.0781,-94.80,-282.15,1616.80
89731426429100,5,-0.0059,0.9746,-0.0742,100.35,96.60,3457.45
89731439734300,0,0.0020,0.9902,-0.0781,-21.30,-54.60,480.85
89731452388400,1,-0.0117,0.9609,-0.0918,-41.55,-56.85,-187.31
89731465404100,2,0.0020,0.9922,-0.0703,-49.65,-158.25,478.43
89731478468200,3,-0.0039,0.9648,-0.0879,21.90,105.75,-807.07
89731491418000,4,-0.0078,1.0000,-0.0781,-89.55,-275.55,1622.61
89731504610000,5,-0.0078,0.9727,-0.0723,106.05,96.90,3465.68
89731517442300,0,0.0000,0.9980,-0.0801,-25.35,-51.90,478.19
89731530456700,1,-0.0137,0.9609,-0.0820,-41.55,-59.70,-207.64
89731543456200,2,0.0020,0.9941,-0.0723,-50.10,-158.85,476.74
89731556417700,3,-0.0039,0.9668,-0.0879,17.40,98.10,-818.44
89731569464400,4,-0.0098,1.0020,-0.0742,-96.15,-276.30,1621.88
89731582403000,5,-0.0098,0.9766,-0.0762,103.65,94.35,3460.84
89731595431300,0,0.0020,0.9883,-0.0820,-22.35,-56.40,482.06
89731608416900,1,-0.0156,0.9590,-0.0898,-44.85,-62.40,-208.12
89731621405300,2,0.0039,0.9961,-0.0742,-52.50,-152.70,480.37
89731634459000,3,0.0020,0.9648,-0.0859,24.00,108.45,-810.70
89731647471300,4,-0.0117,1.0000,-0.0820,-87.45,-282.60,1614.14
89731660419000,5,-0.0117,0.9727,-0.0762,107.25,96.60,3473.43
89731673401800,0,0.0020,0.9883,-0.0820,-25.80,-52.65,478.43
89731686464700,1,-0.0176,0.9590,-0.0898,-39.90,-56.25,-203.52
89731699421300,2,-0.0020,0.9941,-0.0723,-48.00,-153.30,473.59
89731712395800,3,-0.0020,0.9648,-0.0840,15.30,101.85,-808.52
89731725471400,4,-0.0117,0.9980,-0.0762,-90.90,-276.15,1617.77
89731738463100,5,-0.0078,0.9746,-0.0742,101.70,97.05,3463.02
89731751442200,0,0.0000,0.9941,-0.0820,-33.75,-52.20,478.68
89731764428100,1,-0.0176,0.9590,-0.0937,-37.20,-60.30,-196.50
89731777418900,2,0.0020,0.9922,-0.0703,-48.00,-154.80,473.35
89731790429200,3,-0.0020,0.9648,-0.0859,24.45,103.20,-815.30
89731803484000,4,-0.0117,1.0039,-0.0742,-95.25,-275.70,1622.37
89731816471200,5,-0.0098,0.9746,-0.0664,105.60,98.40,3460.60
89731829435000,0,0.0000,0.9883,-0.0801,-24.90,-59.25,479.89
89731842472300,1,-0.0156,0.9727,-0.0957,-40.80,-60.15,-204.73
89731855483100,2,-0.0039,0.9707,-0.0664,-47.70,-157.95,477.71
89731868427300,3,0.0020,0.9355,-0.0840,20.40,101.25,-819.41
89731881472800,4,-0.0059,0.9941,-0.0840,-94.20,-274.20,1619.22
89731894469900,5,-0.0059,0.9980,-0.0781,100.95,99.75,3458.91
89731907425200,0,0.0039,1.0078,-0.0859,-20.70,-57.90,485.94
89731920478700,1,-0.0117,0.9512,-0.0820,-39.30,-55.80,-206.67
89731933439100,2,-0.0039,0.9590,-0.0664,-48.00,-161.70,478.68
89731946471300,3,-0.0039,0.9824,-0.0918,17.40,102.90,-809.49
89731959436100,4,-0.0117,1.0039,-0.0781,-97.80,-278.70,1616.08
89731972432900,5,-0.0117,0.9609,-0.0684,98.25,96.45,3451.65
89731985523900,0,0.0039,0.9844,-0.0762,-27.90,-56.10,486.66
89731998459100,1,-0.0098,0.9688,-0.0937,-40.95,-57.30,-202.07
89732011480800,2,0.0020,1.0039,-0.0723,-43.95,-157.05,475.05
89732024443700,3,-0.0059,0.9551,-0.0820,14.55,103.35,-814.57
89732037488700,4,-0.0098,0.9863,-0.0762,-95.10,-274.65,1611.72
89732050504200,5,-0.0098,0.9805,-0.0703,103.50,102.45,3465.68
89732063617100,0,-0.0020,0.9922,-0.0840,-23.55,-56.55,484.48
89732076502500,1,-0.0137,0.9551,-0.0937,-40.05,-62.10,-205.46
89732089456200,2,0.0059,0.9961,-0.0723,-52.05,-160.05,479.89
89732102442600,3,0.0020,0.9668,-0.0879,19.65,104.10,-809.25
89732115474400,4,-0.0059,1.0098,-0.0762,-88.80,-277.80,1620.92
89732128521800,5,-0.0098,0.9688,-0.0703,107.55,100.65,3457.45
89732141502300,0,0.0000,0.9863,-0.0840,-23.40,-55.35,479.64
89732154626500,1,-0.0117,0.9590,-0.0879,-39.75,-57.90,-202.07
89732167519000,2,0.0039,0.9922,-0.0742,-49.35,-156.45,489.08
89732180508300,3,-0.0020,0.9629,-0.0879,17.55,103.35,-808.04
89732193501600,4,-0.0059,1.0000,-0.0762,-92.25,-279.00,1622.85
89732206467200,5,-0.0078,0.9746,-0.0645,103.05,96.00,3466.41
89732219449700,0,0.0000,0.9941,-0.0820,-24.30,-56.70,482.06
89732232468900,1,-0.0137,0.9590,-0.0859,-44.25,-63.30,-211.75
89732245451500,2,0.0059,0.9941,-0.0703,-46.50,-160.20,480.61
89732258466100,3,-0.0020,0.9668,-0.0859,14.25,103.05,-811.18
89732271495600,4,-0.0098,1.0020,-0.0742,-100.50,-278.85,1618.74
89732284478100,5,-0.0117,0.9746,-0.0781,105.60,100.20,3467.13
89732297487100,0,-0.0020,0.9922,-0.0820,-26.70,-48.60,475.29
89732310526100,1,-0.0156,0.9609,-0.0879,-42.45,-60.30,-197.71
89732323473500,2,0.0039,0.9961,-0.0742,-50.85,-162.90,487.15
89732336512000,3,-0.0059,0.9648,-0.0840,16.05,109.50,-817.48
89732349489800,4,-0.0078,1.0020,-0.0801,-94.95,-269.25,1615.59
89732362567400,5,-0.0078,0.9727,-0.0703,101.85,102.75,3463.26
89732375506000,0,0.0039,0.9922,-0.0781,-27.45,-47.85,487.15
89732388535800,1,-0.0117,0.9609,-0.0840,-38.55,-60.75,-203.04
89732401531300,2,0.0000,0.9961,-0.0742,-51.60,-165.00,472.87
89732414840900,3,0.0000,0.9648,-0.0859,16.95,108.75,-806.59
89732427554800,4,-0.0117,1.0000,-0.0781,-97.20,-278.25,1616.56
89732440487900,5,-0.0059,0.9746,-0.0703,104.25,100.05,3469.07
89732453533700,0,0.0020,0.9883,-0.0840,-32.10,-54.30,486.90
89732466505100,1,-0.0156,0.9551,-0.0898,-41.25,-60.60,-204.97
89732479691000,2,0.0039,0.9980,-0.0742,-49.80,-159.75,485.69
89732492593100,3,-0.0020,0.9668,-0.0879,18.90,102.60,-805.38
89732505526100,4,-0.0078,1.0000,-0.0762,-93.60,-274.65,1627.21
89732518556000,5,-0.0137,0.9746,-0.0742,103.65,100.05,3463.75
89732531488800,0,0.0000,0.9922,-0.0801,-26.25,-53.85,478.92
89732544560600,1,-0.0137,0.9590,-0.0898,-35.55,-59.55,-202.80
89732557499200,2,0.0059,0.9922,-0.0723,-51.75,-163.20,470.21
89732570555600,3,-0.0039,0.9668,-0.0859,15.60,100.50,-807.80
89732583514100,4,-0.0078,0.9961,-0.0742,-90.75,-279.30,1626.48
89732596568400,5,-0.0078,0.9727,-0.0703,102.75,100.95,3458.66
89732609528000,0,0.0000,0.9922,-0.0781,-28.50,-56.55,490.53
89732622522400,1,-0.0156,0.9590,-0.0898,-42.90,-52.65,-210.78
89732635564700,2,0.0039,0.9941,-0.0781,-46.65,-155.10,489.32
89732648490300,3,0.0000,0.9648,-0.0879,16.65,99.90,-820.38
89732661591000,4,-0.0117,1.0000,-0.0781,-94.05,-279.45,1618.25
89732674565200,5,-0.0098,0.9766,-0.0762,102.45,99.30,3471.01
89732687597300,0,0.0000,0.9941,-0.0820,-27.75,-53.70,481.10
89732700557400,1,-0.0156,0.9922,-0.0898,-40.20,-60.15,-207.64
89732713521800,2,0.0039,0.9355,-0.0625,-45.45,-153.60,480.13
89732726562600,3,-0.0020,0.9688,-0.0937,21.90,102.60,-806.10
89732739668400,4,-0.0098,1.0059,-0.0762,-95.10,-270.30,1622.85
89732752526400,5,-0.0078,1.0000,-0.0801,105.15,95.70,3465.44
89732765558900,0,0.0059,0.9844,-0.0820,-27.30,-54.30,484.24
89732778578200,1,-0.0156,0.9434,-0.0801,-42.60,-62.70,-197.96
89732791522400,2,0.0000,0.9902,-0.0684,-48.60,-153.45,476.50
89732804547500,3,0.0020,0.9902,-0.0859,15.60,104.85,-812.15
89732817579600,4,-0.0098,0.9883,-0.0762,-90.75,-273.45,1610.03
89732830583300,5,-0.0078,0.9707,-0.0684,105.30,98.85,3462.29
89732843555300,0,0.0039,0.9883,-0.0820,-25.05,-56.10,480.61
89732856606100,1,-0.0137,0.9668,-0.0898,-37.50,-57.45,-197.71
89732869537600,2,0.0020,1.0000,-0.0742,-48.90,-162.00,477.47
89732882528000,3,0.0020,0.9512,-0.0840,16.80,104.70,-807.07
89732895603700,4,-0.0137,1.0020,-0.0781,-88.50,-276.15,1618.98
89732908536300,5,-0.0117,0.9805,-0.0703,106.80,95.55,3460.36
89732921529900,0,0.0000,0.9902,-0.0820,-29.10,-51.75,491.50
89732934596400,1,-0.0176,0.9570,-0.0859,-40.95,-60.75,-211.99
89732947554200,2,0.0039,0.9980,-0.0703,-43.95,-157.95,482.55
89732960590000,3,-0.0039,0.9688,-0.0859,19.50,103.50,-807.80
89732973552300,4,-0.0039,1.0059,-0.0801,-91.65,-278.70,1624.30
89732986536400,5,-0.0098,0.9707,-0.0723,106.35,94.35,3473.67
89732999529500,0,0.0020,0.9961,-0.0820,-26.40,-52.50,484.24
89733012671600,1,-0.0156,0.9590,-0.0937,-37.65,-64.50,-210.78
89733025581200,2,0.0039,0.9961,-0.0762,-51.75,-161.10,481.34
89733038593500,3,-0.0039,0.9629,-0.0840,22.05,105.15,-809.49
89733051605800,4,-0.0098,1.0000,-0.0742,-97.35,-277.35,1627.69
89733064022500,5,-0.0098,0.9766,-0.0742,102.45,102.75,3457.45
89733077580100,0,0.0000,0.9902,-0.0781,-28.05,-55.05,484.00
89733090553200,1,-0.0098,0.9551,-0.0918,-42.00,-57.00,-204.49
89733103003800,2,0.0059,0.9922,-0.0742,-44.40,-158.85,480.13
89733116606700,3,-0.0039,0.9688,-0.0840,17.85,107.10,-800.29
89733129633600,4,-0.0117,1.0020,-0.0801,-91.95,-275.25,1613.66
89733142615900,5,-0.0117,0.9727,-0.0684,104.40,104.40,3453.58
89733155549500,0,0.0020,0.9922,-0.0781,-26.70,-56.70,484.48
89733168624300,1,-0.0137,0.9551,-0.0840,-41.70,-61.95,-204.49
89733181560500,2,0.0059,0.9941,-0.0703,-42.75,-157.35,489.57
89733194608400,3,-0.0020,0.9668,-0.0859,19.20,102.15,-813.12
89733207615200,4,-0.0117,1.0059,-0.0742,-99.30,-272.25,1623.58
89733220607600,5,-0.0078,0.9727,-0.0723,102.90,97.20,3459.15
89733233614500,0,-0.0020,0.9941,-0.0801,-26.25,-49.35,483.76
89733246581000,1,-0.0117,0.9531,-0.0918,-43.80,-63.90,-200.13
89733259615600,2,0.0039,0.9941,-0.0703,-46.65,-164.10,486.90
89733272579200,3,-0.0020,0.9648,-0.0879,22.65,106.95,-814.81
89733285641100,4,-0.0098,1.0039,-0.0801,-90.45,-281.85,1617.29
89733298558600,5,-0.0078,0.9766,-0.0684,97.80,94.50,3457.21
89733311605800,0,0.0020,0.9902,-0.0820,-31.80,-57.00,476.98
89733324584800,1,-0.0156,0.9629,-0.0898,-46.05,-59.40,-202.80
89733337663900,2,0.0020,0.9941,-0.0684,-45.90,-159.75,480.61
89733350616200,3,-0.0020,0.9648,-0.0859,14.55,105.15,-818.44
89733363989700,4,-0.0098,0.9980,-0.0742,-91.35,-281.25,1611.48
89733376027500,5,-0.0117,0.9766,-0.0703,99.45,97.05,3469.07
89733389630900,0,0.0059,0.9902,-0.0820,-24.15,-52.05,479.89
89733402574800,1,-0.0137,0.9570,-0.0898,-41.25,-54.75,-199.89
89733415003700,2,0.0020,0.9922,-0.0723,-52.50,-155.10,473.84
89733428605700,3,0.0000,0.9668,-0.0859,14.25,101.10,-805.86
89733441595500,4,-0.0117,1.0039,-0.0781,-91.35,-274.95,1621.40
89733453994800,5,-0.0117,0.9746,-0.0723,103.20,101.10,3463.50
89733467614900,0,0.0000,0.9902,-0.0820,-25.50,-49.80,486.66
89733480602000,1,-0.0117,0.9629,-0.0879,-40.05,-55.35,-207.64
89733493624900,2,0.0059,0.9980,-0.0762,-53.10,-158.10,484.24
89733506232000,3,-0.0020,0.9648,-0.0840,17.55,103.35,-815.54
89733519659600,4,-0.0098,1.0684,-0.0859,-96.45,-276.30,1611.96
89733532589500,5,-0.0117,0.8906,-0.0684,111.45,99.15,3463.50
89733545001100,0,0.0059,0.9980,-0.0801,-28.65,-50.70,485.21
89733558642900,1,-0.0156,0.9531,-0.0879,-42.60,-62.40,-204.49
89733571656000,2,0.0078,1.0293,-0.0781,-54.45,-153.15,473.35
89733584050600,3,-0.0039,0.9648,-0.0859,20.40,102.15,-810.22
89733597652700,4,-0.0098,0.9785,-0.0723,-88.35,-280.20,1620.43
89733610656500,5,-0.0176,0.9688,-0.0762,107.10,93.90,3455.52
89733623599600,0,0.0039,1.0156,-0.0937,-22.80,-52.35,486.90
89733636666300,1,-0.0176,0.9453,-0.0879,-39.75,-62.25,-206.43
89733649603300,2,0.0020,0.9883,-0.0742,-47.10,-159.75,483.03
89733662711900,3,0.0000,0.9707,-0.0918,17.85,100.50,-817.72
89733675080600,4,-0.0078,1.0137,-0.0762,-93.60,-279.15,1622.13
89733688023300,5,-0.0117,0.9766,-0.0723,104.55,97.95,3456.97
89733701651200,0,0.0039,0.9785,-0.0781,-28.95,-55.05,484.73
89733714654500,1,-0.0137,0.9609,-0.0898,-41.70,-66.00,-205.46
89733727069000,2,0.0039,1.0000,-0.0742,-53.40,-151.80,475.77
89733740600500,3,-0.0020,0.9609,-0.0859,20.40,99.00,-802.71
89733753666300,4,-0.0117,0.9922,-0.0781,-89.10,-273.75,1620.43
89733766028100,5,-0.0117,0.9766,-0.0723,104.10,99.60,3455.03
89733779678000,0,0.0039,0.9922,-0.0820,-25.95,-53.85,475.29
89733792668600,1,-0.0117,0.9590,-0.0840,-40.50,-57.00,-201.34
89733805645500,2,0.0020,0.9844,-0.0742,-46.80,-161.55,471.17
89733818072400,3,-0.0039,0.9688,-0.0859,19.05,107.10,-820.14
89733831641800,4,-0.0098,1.0000,-0.0820,-93.90,-272.70,1620.92
89733844672900,5,-0.0098,0.9727,-0.0723,108.60,90.75,3453.58
89733857037900,0,0.0039,0.9844,-0.0820,-25.35,-56.40,487.39
89733870693200,1,-0.0117,0.9609,-0.0898,-43.35,-59.10,-208.36
89733883700000,2,0.0059,0.9980,-0.0762,-49.80,-158.10,477.47
89733896080900,3,-0.0020,0.9609,-0.0840,20.25,100.80,-814.57
89733909689800,4,-0.0039,0.9980,-0.0762,-91.65,-279.15,1617.77
89733922697200,5,-0.0098,0.9766,-0.0703,106.50,100.65,3459.87
89733935663100,0,0.0000,0.9922,-0.0820,-32.25,-54.60,491.02
89733948059500,1,-0.0156,0.9570,-0.0918,-42.45,-58.20,-194.57
89733961612500,2,0.0039,0.9961,-0.0723,-52.80,-156.00,474.32
89733974646400,3,-0.0039,0.9668,-0.0879,16.35,105.60,-812.39
89733987105700,4,-0.0117,1.0020,-0.0742,-91.80,-284.85,1610.75
89734000045600,5,-0.0078,0.9746,-0.0742,105.60,99.00,3459.39
89734013962100,0,0.0020,0.9902,-0.0801,-25.80,-56.40,477.47
89734026112300,1,-0.0156,0.9609,-0.0879,-43.95,-57.30,-193.84
89734039065800,2,0.0039,0.9941,-0.0742,-52.35,-154.50,476.26
89734052640900,3,-0.0039,0.9668,-0.0879,21.15,105.00,-802.96
89734065663200,4,-0.0098,1.0039,-0.0723,-91.50,-277.95,1614.62
89734078061200,5,-0.0117,0.9707,-0.0742,106.50,98.85,3466.89
89734091689500,0,0.0020,0.9941,-0.0781,-22.80,-57.30,486.90
89734104693300,1,-0.0137,0.9609,-0.0918,-43.05,-55.80,-202.55
89734117111800,2,0.0078,0.9961,-0.0742,-49.20,-156.90,472.87
89734130099200,3,-0.0059,0.9629,-0.0859,15.15,108.00,-813.12
89734143735300,4,-0.0117,1.0098,-0.0762,-91.35,-280.20,1618.98
89734156076200,5,-0.0098,0.9746,-0.0703,105.15,94.20,3455.76
89734169124700,0,-0.0020,0.9941,-0.0820,-22.80,-55.20,477.47
89734182664000,1,-0.0156,0.9590,-0.0898,-39.90,-62.70,-195.29
89734195071500,2,0.0020,0.9941,-0.0762,-45.45,-155.10,480.37
89734208085200,3,-0.0020,0.9648,-0.0859,24.30,104.10,-805.62
89734221742800,4,-0.0098,0.9980,-0.0781,-90.60,-277.80,1622.61
89734234709200,5,-0.0098,0.9746,-0.0684,105.30,93.00,3467.62
89734247259100,0,-0.0020,0.9961,-0.0840,-25.50,-50.10,483.03
89734260737700,1,-0.0176,0.9648,-0.0918,-35.40,-58.65,-201.59
89734273661100,2,0.0020,0.9980,-0.0762,-52.95,-156.60,478.43
89734286123400,3,-0.0059,0.9648,-0.0879,22.80,105.45,-806.34
89734299109200,4,-0.0059,1.0234,-0.0859,-92.70,-277.80,1623.09
89734312072700,5,-0.0156,0.9258,-0.0684,106.65,91.05,3461.08
89734325767500,0,0.0039,0.9824,-0.0820,-23.10,-57.45,485.94
89734338160300,1,-0.0176,0.9414,-0.0879,-45.30,-61.95,-208.85
89734351123500,2,0.0078,1.0215,-0.0742,-49.05,-157.05,482.06
89734364668000,3,-0.0020,0.9727,-0.0859,21.30,104.10,-816.99
89734377093900,4,-0.0117,0.9941,-0.0742,-88.20,-275.70,1613.41
89734390099700,5,-0.0137,0.9551,-0.0625,105.15,100.50,3465.44
89734403079700,0,0.0000,1.0117,-0.0879,-25.95,-52.80,485.21
89734416721700,1,-0.0195,0.9570,-0.0937,-40.05,-62.55,-198.44
89734429077400,2,0.0000,0.9902,-0.0664,-51.15,-158.85,474.32
89734442127800,3,0.0039,0.9648,-0.0859,17.70,104.10,-804.65
89734455702800,4,-0.0020,1.0059,-0.0742,-95.10,-275.55,1616.56
89734468148200,5,-0.0117,0.9844,-0.0742,103.20,97.50,3457.94
89734481100500,0,0.0020,0.9863,-0.0781,-23.10,-51.90,479.16
89734494151000,1,-0.0195,0.9473,-0.0840,-41.55,-55.65,-200.86
89734507681600,2,0.0000,0.9980,-0.0742,-43.20,-161.55,474.08
89734520134900,3,-0.0078,0.9629,-0.0898,21.60,112.35,-822.80
89734533102600,4,-0.0098,1.0020,-0.0781,-88.95,-273.45,1623.34
89734546148500,5,-0.0098,0.9746,-0.0781,102.45,102.15,3464.71
89734559676600,0,0.0000,0.9922,-0.0820,-24.30,-48.90,483.76
89734572471400,1,-0.0078,0.9648,-0.0840,-39.90,-59.55,-199.41
89734585160000,2,0.0059,0.9902,-0.0684,-53.10,-155.70,479.64
89734598119300,3,-0.0039,0.9629,-0.0879,22.80,101.10,-809.73
89734611167200,4,-0.0078,1.0059,-0.0781,-94.80,-276.00,1611.96
89734624123700,5,-0.0098,0.9727,-0.0762,109.05,102.30,3461.57
89734637147500,0,0.0039,0.9922,-0.0840,-25.35,-52.50,484.48
89734650770700,1,-0.0156,0.9629,-0.0898,-36.75,-59.25,-198.20
89734663151600,2,0.0020,0.9961,-0.0703,-44.25,-158.10,480.37
89734676177800,3,-0.0020,0.9668,-0.0859,18.75,106.65,-819.65
89734689716000,4,-0.0117,1.0020,-0.0703,-91.20,-277.80,1619.71
89734702156300,5,-0.0117,0.9766,-0.0723,99.30,97.80,3470.52
89734715111500,0,0.0000,0.9902,-0.0781,-30.45,-55.50,481.82
89734728760300,1,-0.0156,0.9531,-0.0898,-44.85,-63.45,-195.78
89734741124700,2,0.0020,0.9883,-0.0781,-48.15,-153.90,472.87
89734754207900,3,-0.0059,0.9648,-0.0879,23.40,101.85,-810.94
89734767129800,4,-0.0098,1.0020,-0.0781,-94.80,-278.70,1624.06
89734780252900,5,-0.0078,0.9746,-0.0664,103.50,94.80,3471.01
89734793207700,0,0.0059,0.9883,-0.0840,-27.60,-54.30,489.32
89734806253300,1,-0.0137,0.9590,-0.0898,-38.55,-64.50,-206.43
89734819146400,2,0.0059,0.9941,-0.0723,-50.70,-153.60,476.74
89734832143700,3,0.0000,0.9648,-0.0879,17.70,106.35,-809.49
89734845204700,4,-0.0098,1.0020,-0.0781,-99.75,-281.55,1618.25
89734858148100,5,-0.0098,0.9727,-0.0723,104.40,97.95,3458.42
89734871176500,0,0.0000,0.9922,-0.0820,-27.15,-57.30,485.45
89734884202600,1,-0.0156,0.9590,-0.0859,-40.20,-52.95,-207.64
89734897162200,2,0.0039,0.9941,-0.0723,-54.60,-151.80,480.13
89734910145300,3,-0.0039,0.9668,-0.0820,23.10,102.45,-814.09
89734923224100,4,-0.0117,0.9961,-0.0762,-90.60,-275.10,1613.17
89734936187900,5,-0.0117,0.9746,-0.0684,106.50,91.65,3460.60
89734949143800,0,-0.0020,0.9902,-0.0820,-26.25,-55.35,480.37
89734962192600,1,-0.0176,0.9570,-0.0918,-43.05,-55.35,-203.04
89734975185700,2,0.0020,0.9941,-0.0723,-52.80,-152.55,472.63
89734988197900,3,-0.0039,0.9668,-0.0859,16.95,102.75,-809.25
89735001205600,4,-0.0078,0.9980,-0.0723,-94.80,-274.95,1616.56
89735014507000,5,-0.0078,0.9727,-0.0723,108.75,97.35,3469.07
89735027205300,0,0.0000,0.9941,-0.0781,-21.90,-47.55,486.18
89735040159800,1,-0.0156,0.9570,-0.0918,-40.05,-58.50,-195.05
89735053188000,2,0.0020,0.9941,-0.0723,-48.30,-153.90,474.80
89735066161200,3,-0.0039,0.9668,-0.0859,20.10,103.50,-810.70
89735079301300,4,-0.0059,1.0000,-0.0820,-92.10,-278.40,1620.43
89735092205100,5,-0.0059,0.9707,-0.0742,108.00,100.05,3459.87
89735105163700,0,-0.0020,0.9941,-0.0801,-19.80,-50.40,484.48
89735118164100,1,-0.0176,0.9590,-0.0879,-34.80,-60.15,-207.39
89735131162700,2,0.0039,0.9961,-0.0723,-52.20,-157.05,475.05
89735144202300,3,-0.0039,0.9688,-0.0879,13.35,103.80,-815.30
89735157191400,4,-0.0117,1.0020,-0.0781,-89.55,-278.70,1614.62
89735170163900,5,-0.0098,0.9746,-0.0684,104.40,101.10,3456.73
89735183186900,0,0.0020,0.9922,-0.0801,-27.45,-53.10,485.21
89735196231300,1,-0.0156,0.9609,-0.0859,-38.25,-63.90,-200.86
89735209234600,2,0.0000,0.9980,-0.0723,-47.40,-158.10,472.63
89735222220100,3,0.0000,0.9648,-0.0859,24.75,105.00,-811.91
89735235241600,4,-0.0117,0.9980,-0.0742,-87.30,-273.60,1621.88
